County,Median_Household_Income,Poverty_Rate
United States,69021.0,12.63185031
Alabama,54943.0,15.78512663
Autauga,62660.0,13.57847378
Baldwin,64346.0,9.204904993
Barbour,36422.0,26.47191011
Bibb,54277.0,16.94285714
Blount,52830.0,13.23663049
Bullock,29063.0,30.9345983
Butler,45236.0,18.17700053
Calhoun,50977.0,17.53843981
Chambers,47232.0,15.0713246
Cherokee,43475.0,14.97337074
Chilton,56243.0,15.7239819
Choctaw,38581.0,21.56629374
Clarke,44108.0,21.90612902
Clay,45163.0,16.92627952
Cleburne,48333.0,14.17920473
Coffee,59034.0,15.94036697
Colbert,52017.0,15.13205869
Conecuh,37986.0,12.96864349
Coosa,50013.0,11.14754098
Covington,46186.0,18.03933286
Crenshaw,43103.0,13.10107198
Cullman,52690.0,12.21860843
Dale,50052.0,16.71052082
Dallas,34957.0,24.30519548
DeKalb,44037.0,20.57219744
Elmore,67597.0,10.28199619
Escambia,38464.0,23.48629794
Etowah,46984.0,16.01345537
Fayette,43960.0,21.33490771
Franklin,43633.0,18.06696147
Geneva,43581.0,23.51242496
Greene,28826.0,39.79578648
Hale,32294.0,24.9124734
Henry,55870.0,14.39453008
Houston,50222.0,17.66523132
Jackson,43785.0,17.61233633
Jefferson,58330.0,15.89747566
Lamar,43324.0,16.27568119
Lauderdale,50000.0,13.30227573
Lawrence,51712.0,15.38414578
Lee,57191.0,19.92484373
Limestone,70736.0,11.48487139
Lowndes,31961.0,21.48264674
Macon,39303.0,22.15404395
Madison,71153.0,10.90565612
Marengo,35379.0,22.31611894
Marion,44551.0,17.47613117
Marshall,52938.0,17.67642553
Mobile,51169.0,17.56578625
Monroe,32631.0,22.16855346
Montgomery,52511.0,19.62438045
Morgan,56128.0,14.5883154
Perry,27057.0,35.6925804
Pickens,43389.0,22.67190346
Pike,40106.0,23.77920672
Randolph,47081.0,18.22124802
Russell,44065.0,21.94392071
St. Clair,65070.0,12.05415256
Shelby,82592.0,6.982142447
Sumter,27099.0,31.55364807
Talladega,45400.0,18.63190349
Tallapoosa,50652.0,16.77352789
Tuscaloosa,57508.0,15.8039908
Walker,47442.0,16.93198716
Washington,44512.0,16.68285733
Wilcox,36385.0,27.41456878
Winston,46096.0,19.30103598
Alaska,80287.0,10.4321319
Aleutians East,72258.0,13.37260677
Aleutians West,90708.0,8.345063342
Anchorage,88871.0,9.149938493
Bethel,57460.0,28.54783662
Bristol Bay,81563.0,3.515151515
 Chugach,87868.0,4.065393519
Copper River,67439.0,11.3783887
Denali,78750.0,15.710254
Dillingham,62115.0,18.04325438
Fairbanks North Star,78321.0,6.387026051
Haines,63355.0,16.74710425
Hoonah-Angoon,55990.0,8.813413586
Juneau ,90126.0,7.207745261
Kenai Peninsula,70609.0,11.85129827
Ketchikan Gateway,77820.0,9.355494266
Kodiak Island,83765.0,7.762345679
Kusilvak,37975.0,36.64491177
Lake and Peninsula,49688.0,15.70841889
Matanuska-Susitna,79300.0,10.65663959
Nome,63977.0,21.86886939
North Slope,83992.0,8.558305212
Northwest Arctic,68654.0,20.50350376
Petersburg,71696.0,4.76900149
Prince of Wales-Hyder,55857.0,17.26384365
Sitka ,82083.0,6.874625075
Skagway,75000.0,4.815650865
Southeast Fairbanks,68634.0,11.40791027
Wrangell ,54891.0,12.05044372
Yakutat ,72083.0,7.295373666
Yukon-Koyukuk,43405.0,23.21129902
Arizona,65913.0,13.49802297
Apache,34788.0,33.89911143
Cochise,55077.0,14.23629276
Coconino,61888.0,17.56860247
Gila,51406.0,19.81392672
Graham,57105.0,19.96892444
Greenlee,67723.0,11.57295073
La Paz,39732.0,20.1587975
Maricopa,72944.0,12.04416425
Mohave,49738.0,15.99859455
Navajo,46126.0,25.52760718
Pima,59215.0,15.12317432
Pinal,65488.0,11.39558119
Santa Cruz,45089.0,21.64223371
Yavapai,56170.0,12.46247688
Yuma,52563.0,18.32641946
Arkansas,52123.0,16.01078757
Arkansas,55022.0,16.37936106
Ashley,42683.0,20.59114326
Baxter,43530.0,14.01652731
Benton,76887.0,8.075611979
Boone,48625.0,13.30076004
Bradley,41972.0,14.75768828
Calhoun,55904.0,9.942393855
Carroll,53366.0,14.29494543
Chicot,33770.0,29.58307787
Clark,45351.0,20.37450075
Clay,39817.0,18.77882564
Cleburne,48400.0,15.07558163
Cleveland,48183.0,12.35107228
Columbia,41115.0,23.44230496
Conway,45812.0,18.88159494
Craighead,51788.0,17.79253363
Crawford,52057.0,17.74472443
Crittenden,46452.0,19.81183586
Cross,45247.0,17.61111777
Dallas,34337.0,12.90161478
Desha,33295.0,27.82388399
Drew,42891.0,20.03747582
Faulkner,54845.0,14.7551105
Franklin,42128.0,22.84191829
Fulton,36950.0,17.94483687
Garland,49985.0,16.20376974
Grant,62479.0,14.08681872
Greene,51367.0,16.44732432
Hempstead,43592.0,24.55450473
Hot Spring,46724.0,19.0080507
Howard,39558.0,20.27664257
Independence,50028.0,17.66288836
Izard,45318.0,15.72953737
Jackson,39154.0,20.84296397
Jefferson,43720.0,19.41663319
Johnson,40628.0,18.93084261
Lafayette,36083.0,23.45104334
Lawrence,40746.0,15.50741163
Lee,29082.0,27.71857924
Lincoln,49474.0,15.11404562
Little River,57614.0,12.3558623
Logan,46570.0,15.67814778
Lonoke,62561.0,11.61278844
Madison,47862.0,16.53644244
Marion,41038.0,18.08754371
Miller,46610.0,18.082317
Mississippi,45740.0,21.79086569
Monroe,41667.0,21.44744568
Montgomery,41032.0,18.92342503
Nevada,42670.0,25.17148457
Newton,42817.0,10.30461032
Ouachita,43338.0,21.13690953
Perry,47500.0,15.34598775
Phillips,32235.0,33.33729993
Pike,46672.0,17.73952841
Poinsett,42854.0,20.80451161
Polk,43444.0,20.91510072
Pope,47322.0,17.37542526
Prairie,47335.0,9.976482238
Pulaski,55235.0,15.83236262
Randolph,42225.0,19.26574978
St. Francis,34981.0,28.51788756
Saline,68605.0,8.649645906
Scott,43577.0,15.15151515
Searcy,39627.0,24.12241224
Sebastian,50226.0,17.53413139
Sevier,49470.0,21.64883575
Sharp,37361.0,18.02650957
Stone,32813.0,20.94368837
Union,46444.0,18.519566
Van Buren,40763.0,17.5993874
Washington,56610.0,15.31812337
White,46345.0,15.25834047
Woodruff,43717.0,20.82925237
Yell,51070.0,13.81588753
California,84097.0,12.25067021
Alameda,112017.0,8.913764914
Alpine,96000.0,12.94642857
Amador,69955.0,7.904738468
Butte,59863.0,17.74799735
Calaveras,70119.0,14.12513633
Colusa,61861.0,13.0044012
Contra Costa,110455.0,8.202152519
Del Norte,53280.0,17.29511506
El Dorado,88770.0,8.678022804
Fresno,61276.0,20.17951058
Glenn,56332.0,15.05922166
Humboldt,53350.0,20.26107163
Imperial,49078.0,21.04001084
Inyo,60925.0,10.79745942
Kern,58824.0,19.3511624
Kings,63267.0,16.3652269
Lake,53399.0,16.84786706
Lassen,59292.0,13.86972182
Los Angeles,76367.0,13.85681368
Madera,66709.0,19.56448209
Marin,131008.0,6.93731529
Mariposa,53304.0,13.15371492
Mendocino,56378.0,15.82625118
Merced,58861.0,19.35421167
Modoc,51090.0,19.59952886
Mono,71138.0,9.979462995
Monterey,82013.0,12.15315132
Napa,97498.0,7.653282871
Nevada,74617.0,10.47482157
Orange,100485.0,9.895392276
Placer,99734.0,6.960217253
Plumas,57885.0,11.85404033
Riverside,76066.0,11.955884
Sacramento,76422.0,13.25927727
San Benito,95606.0,7.747810747
San Bernardino,70287.0,14.29671546
San Diego,88240.0,10.71998536
San Francisco,126187.0,10.31105416
San Joaquin,74962.0,13.52691425
San Luis Obispo,82514.0,12.00185582
San Mateo,136837.0,6.165054382
Santa Barbara,84356.0,13.42351254
Santa Clara,140258.0,6.654120948
Santa Cruz,96093.0,10.91507338
Shasta,61937.0,14.17807415
Sierra,56152.0,8.158584535
Siskiyou,49857.0,16.70552203
Solano,89648.0,8.857673397
Sonoma,91607.0,8.673442086
Stanislaus,68368.0,13.59526128
Sutter,67003.0,12.63352276
Tehama,52901.0,17.97510734
Trinity,42206.0,22.48399488
Tulare,57394.0,19.76458743
Tuolumne,66846.0,9.899056312
Ventura,94150.0,8.855051667
Yolo,78386.0,17.22850381
Yuba,62666.0,15.15601594
Colorado,80184.0,9.561742185
Adams,78304.0,9.590514286
Alamosa,46217.0,16.01090767
Arapahoe,84947.0,7.700428482
Archuleta,62907.0,9.752945648
Baca,39891.0,20.45454545
Bent,40972.0,25.43174828
Boulder,92466.0,10.99338668
Broomfield,107570.0,4.401211266
Chaffee,61216.0,11.53037512
Cheyenne,69063.0,11.55474894
Clear Creek,76313.0,5.729054491
Conejos,38536.0,16.33735579
Costilla,35000.0,22.37702587
Crowley,37870.0,24.87268283
Custer,59877.0,7.32017823
Delta,51803.0,16.8746028
Denver,78177.0,11.60028375
Dolores,62500.0,12.36888112
Douglas,127443.0,3.02246162
Eagle,91338.0,9.204235897
Elbert,114904.0,4.20252772
El Paso,75909.0,9.562321734
Fremont,53411.0,14.056183
Garfield,77212.0,7.912762252
Gilpin,96784.0,7.939839105
Grand,69353.0,10.76518167
Gunnison,63341.0,12.97000686
Hinsdale,45714.0,9.324009324
Huerfano,45724.0,17.62220881
Jackson,44667.0,14.59854015
Jefferson,93933.0,6.815353623
Kiowa,45476.0,13.21299639
Kit Carson,52917.0,9.1858635
Lake,73099.0,7.776560789
La Plata,75089.0,9.711915788
Larimer,80664.0,11.14676149
Las Animas,45118.0,21.13990381
Lincoln,46894.0,12.44791667
Logan,50998.0,11.24132983
Mesa,62127.0,11.87511172
Mineral,55556.0,11.96473552
Moffat,58583.0,17.68157915
Montezuma,58335.0,12.20905382
Montrose,57225.0,11.55975563
Morgan,62914.0,11.96400956
Otero,45826.0,21.97048659
Ouray,67228.0,4.400826446
Park,77775.0,6.260555588
Phillips,50951.0,13.53366471
Pitkin,92708.0,5.225680487
Prowers,44984.0,17.29024453
Pueblo,53430.0,17.16487223
Rio Blanco,58239.0,11.52036346
Rio Grande,50287.0,13.92080608
Routt,83725.0,8.639922119
Saguache,48413.0,16.49858178
San Juan,63333.0,14.18338109
San Miguel,70965.0,9.371116083
Sedgwick,44405.0,16.74917492
Summit,93505.0,6.796525572
Teller,68677.0,7.552635874
Washington,54141.0,11.40350877
Weld,80843.0,9.692233527
Yuma,56327.0,14.49937682
Connecticut,83572.0,10.03158381
Fairfield,101194.0,9.19474671
Hartford,80320.0,10.94624398
Litchfield,84797.0,7.804448432
Middlesex,90833.0,6.430809727
New Haven,75043.0,11.47249837
New London,79040.0,8.699495929
Tolland,88525.0,9.702528654
Windham,71418.0,11.32929431
Delaware,72724.0,11.43509536
Kent,63715.0,13.25037776
New Castle,78428.0,10.58487978
Sussex,68886.0,12.08974331
District of Columbia,93547.0,15.44125546
District of Columbia,93547.0,15.44125546
Florida,61777.0,13.11440787
Alachua,53314.0,20.12094934
Baker,63860.0,11.67009312
Bay,60473.0,12.92864928
Bradford,48803.0,19.4490818
Brevard,63632.0,10.59543262
Broward,64522.0,12.3751624
Calhoun,38098.0,18.19700894
Charlotte,57887.0,10.51450801
Citrus,48664.0,14.88672705
Clay,74059.0,9.576457312
Collier,75543.0,10.60086545
Columbia,47750.0,14.35627366
DeSoto,39945.0,25.31763536
Dixie,44287.0,15.72639386
Duval,59541.0,14.4626909
Escambia,56605.0,14.54292618
Flagler,62305.0,11.05822076
Franklin,52679.0,19.09458063
Gadsden,42661.0,24.24257208
Gilchrist,50983.0,12.19823655
Glades,38088.0,19.87364118
Gulf,53812.0,9.822006473
Hamilton,39346.0,26.39133253
Hardee,41395.0,26.22550053
Hendry,38843.0,25.8867711
Hernando,53301.0,13.16317267
Highlands,46895.0,15.89039723
Hillsborough,64164.0,14.0253012
Holmes,41809.0,18.81581896
Indian River,61594.0,10.67185606
Jackson,43416.0,18.05277345
Jefferson,53080.0,17.12970189
Lafayette,56458.0,14.95622219
Lake,60013.0,10.72007172
Lee,63235.0,12.0460768
Leon,57359.0,19.30655988
Levy,43029.0,18.04260985
Liberty,42438.0,20.49130302
Madison,39503.0,25.39383669
Manatee,64964.0,10.35547142
Marion,50808.0,14.61575565
Martin,69769.0,10.47262222
Miami-Dade,57815.0,15.68350884
Monroe,73153.0,10.96563213
Nassau,77504.0,9.63109144
Okaloosa,67390.0,10.97748663
Okeechobee,47020.0,19.77254042
Orange,65784.0,13.8987583
Osceola,58513.0,13.51496618
Palm Beach,68874.0,11.59946338
Pasco,58084.0,12.18440001
Pinellas,60451.0,11.54313603
Polk,55099.0,14.56979591
Putnam,39975.0,23.70067004
St. Johns,88794.0,7.652407373
St. Lucie,59807.0,11.81560231
Santa Rosa,77260.0,8.839055324
Sarasota,69490.0,8.142785633
Seminole,73002.0,9.471601379
Sumter,63323.0,9.658451568
Suwannee,47218.0,15.18969082
Taylor,43563.0,18.24495645
Union,55463.0,17.03531238
Volusia,56786.0,12.89793764
Wakulla,72941.0,6.184943926
Walton,68111.0,12.7801096
Washington,41806.0,22.33313671
Georgia,65030.0,13.91682546
Appling,39588.0,25.41186842
Atkinson,35741.0,26.90811862
Bacon,40391.0,24.45018168
Baker,33417.0,25.06830601
Baldwin,50413.0,22.56041836
Banks,57893.0,13.15614249
Barrow,68365.0,10.45031816
Bartow,65559.0,12.02493616
Ben Hill,34455.0,25.64618205
Berrien,44907.0,21.06614569
Bibb,43862.0,25.24539979
Bleckley,48786.0,18.03511261
Brantley,38211.0,16.81209359
Brooks,39770.0,23.10940022
Bryan,81032.0,8.816829382
Bulloch,50583.0,22.51210367
Burke,47837.0,15.350086
Butts,53613.0,19.11176972
Calhoun,43549.0,26.11183355
Camden,61636.0,15.9966161
Candler,36763.0,24.9413531
Carroll,62498.0,17.27977781
Catoosa,62669.0,8.701308411
Charlton,45494.0,21.32475998
Chatham,61064.0,14.13494968
Chattahoochee,50018.0,17.76893751
Chattooga,37946.0,21.50744961
Cherokee,90681.0,7.037632506
Clarke,44070.0,26.18949748
Clay,35893.0,25.65186751
Clayton,51945.0,16.43546222
Clinch,47750.0,30.18471242
Cobb,86013.0,8.605902873
Coffee,44450.0,22.22779352
Colquitt,41623.0,23.83601563
Columbia,85928.0,6.866585707
Cook,45702.0,20.52311507
Coweta,83486.0,8.539570491
Crawford,53132.0,13.55705819
Crisp,41605.0,26.23680656
Dade,47675.0,9.839679359
Dawson,77630.0,9.663007895
Decatur,45134.0,21.03168913
DeKalb,69423.0,13.50301441
Dodge,41362.0,20.85764615
Dooly,39641.0,22.55926075
Dougherty,42225.0,26.30281012
Douglas,67731.0,12.16878947
Early,39665.0,25.0
Echols,45151.0,25.44026009
Effingham,72279.0,7.596886912
Elbert,39904.0,23.47283598
Emanuel,42880.0,24.93229908
Evans,49325.0,23.65403304
Fannin,49810.0,11.63470393
Fayette,96084.0,5.4131835
Floyd,52388.0,18.67771412
Forsyth,120999.0,5.281832473
Franklin,49636.0,19.04300744
Fulton,77635.0,12.86438939
Gilmer,60504.0,15.14363707
Glascock,53125.0,15.60408595
Glynn,60775.0,16.77420911
Gordon,50520.0,16.06395195
Grady,47721.0,17.48995053
Greene,65759.0,14.7826087
Gwinnett,75853.0,10.51474477
Habersham,56680.0,12.92504444
Hall,67571.0,13.98800284
Hancock,33946.0,29.0940493
Haralson,57752.0,11.39188635
Harris,82244.0,6.06957809
Hart,54506.0,14.85441948
Heard,55635.0,20.3826734
Henry,73491.0,8.603687538
Houston,70313.0,10.32720866
Irwin,42312.0,20.88323353
Jackson,73455.0,9.745437606
Jasper,52322.0,16.152019
Jeff Davis,39668.0,21.22512946
Jefferson,42238.0,18.19736842
Jenkins,29061.0,27.92566549
Johnson,46292.0,19.54798249
Jones,61701.0,14.18839391
Lamar,53802.0,12.46651916
Lanier,33956.0,34.0911461
Laurens,42315.0,24.97512438
Lee,74935.0,9.895282928
Liberty,50617.0,16.79572807
Lincoln,44087.0,18.47654191
Long,52742.0,18.41925253
Lowndes,48703.0,22.91511871
Lumpkin,64179.0,12.0938742
McDuffie,50721.0,16.8813055
McIntosh,49951.0,19.73142346
Macon,33163.0,27.32128982
Madison,51854.0,22.12672733
Marion,47250.0,13.52799357
Meriwether,46789.0,21.92195122
Miller,51983.0,22.71638727
Mitchell,43427.0,26.5433667
Monroe,67154.0,14.45199564
Montgomery,48717.0,17.02262904
Morgan,71000.0,6.526565808
Murray,53821.0,15.14380897
Muscogee,50542.0,19.5388883
Newton,64767.0,13.57557291
Oconee,106165.0,4.665209812
Oglethorpe,58791.0,10.59548255
Paulding,80234.0,6.310316974
Peach,53215.0,19.15657072
Pickens,71637.0,12.59438885
Pierce,50820.0,17.92317173
Pike,76152.0,8.527467765
Polk,48958.0,18.06828625
Pulaski,44946.0,17.4994163
Putnam,55757.0,17.74802135
Quitman,31594.0,18.85282348
Rabun,48652.0,16.89978108
Randolph,28870.0,30.688
Richmond,46237.0,22.07843338
Rockdale,64230.0,11.85737256
Schley,50586.0,17.30852445
Screven,43167.0,17.30134273
Seminole,40579.0,24.82238011
Spalding,51972.0,17.35352949
Stephens,50194.0,13.46780206
Stewart,39020.0,26.37655417
Sumter,36687.0,24.15389066
Talbot,40719.0,16.7786391
Taliaferro,39670.0,21.34688691
Tattnall,49977.0,20.08811497
Taylor,36293.0,28.74935132
Telfair,42971.0,26.16616617
Terrell,38879.0,30.05464481
Thomas,52315.0,17.22646198
Tift,46245.0,22.10133824
Toombs,42975.0,20.10074809
Towns,53084.0,14.23945388
Treutlen,35441.0,32.05892089
Troup,49042.0,19.11528427
Turner,35828.0,27.18253968
Twiggs,45824.0,15.74398798
Union,52509.0,14.93926954
Upson,43257.0,22.41320946
Walker,48633.0,13.79768629
Walton,71692.0,11.46402984
Ware,39419.0,23.82782246
Warren,37309.0,27.4068323
Washington,39350.0,18.18231922
Wayne,45115.0,18.83975746
Webster,32083.0,29.43412162
Wheeler,26776.0,23.03112314
White,64729.0,11.95839918
Whitfield,52439.0,15.0896625
Wilcox,41406.0,25.98779779
Wilkes,43859.0,21.42857143
Wilkinson,34680.0,26.04000909
Worth,54791.0,18.50587604
Hawaii,88005.0,9.45347412
Hawaii,68399.0,13.79420343
Honolulu,92600.0,8.597100806
Kalawao,79583.0,20.93023256
Kauai,86287.0,9.149856904
Maui,88249.0,9.486581743
Idaho,63377.0,11.37418404
Ada,75115.0,9.166949058
Adams,52746.0,16.05975724
Bannock,56472.0,12.70467454
Bear Lake,60337.0,13.10509554
Benewah,50257.0,14.69866667
Bingham,63106.0,11.03639072
Blaine,71749.0,9.942502203
Boise,64125.0,11.63192139
Bonner,55206.0,11.69344333
Bonneville,64928.0,9.532172948
Boundary,51261.0,17.38874401
Butte,41552.0,22.99528302
Camas,37367.0,14.36781609
Canyon,60716.0,11.08935533
Caribou,65528.0,6.666666667
Cassia,57547.0,10.14600654
Clark,48088.0,5.244338498
Clearwater,50787.0,13.62887904
Custer,47663.0,15.12723845
Elmore,48475.0,14.25762045
Franklin,56677.0,11.44253576
Fremont,61875.0,12.04527713
Gem,59957.0,10.73468043
Gooding,56734.0,14.9836708
Idaho,47508.0,11.79055751
Jefferson,69097.0,7.955069504
Jerome,61280.0,15.83797596
Kootenai,64936.0,9.316829899
Latah,56673.0,16.20211451
Lemhi,46105.0,12.43132746
Lewis,44028.0,16.21245829
Lincoln,55988.0,12.3540856
Madison,53498.0,24.27017745
Minidoka,56140.0,17.99123757
Nez Perce,61810.0,14.64930743
Oneida,64766.0,11.58129176
Owyhee,54669.0,15.20733379
Payette,59540.0,10.84674314
Power,52116.0,9.669992325
Shoshone,43188.0,15.11843939
Teton,75837.0,8.14601847
Twin Falls,57430.0,12.99928451
Valley,67528.0,10.61486963
Washington,45065.0,13.79477251
Illinois,72563.0,11.83928125
Adams,58587.0,11.92913447
Alexander,39871.0,24.5339299
Bond,53654.0,15.10096576
Boone,74076.0,9.319091115
Brown,59346.0,9.668695064
Bureau,59407.0,12.22103821
Calhoun,74792.0,6.898891654
Carroll,54959.0,11.69793366
Cass,58364.0,13.2982429
Champaign,56939.0,18.33814931
Christian,53188.0,10.63559059
Clark,66067.0,7.948533734
Clay,53900.0,15.70020628
Clinton,72468.0,7.412928193
Coles,48534.0,19.75744061
Cook,72121.0,13.4813897
Crawford,54942.0,10.57276657
Cumberland,66530.0,9.62690895
DeKalb,64019.0,15.62577627
De Witt,60401.0,11.11689325
Douglas,63142.0,10.32451426
DuPage,100292.0,6.105851844
Edgar,50843.0,11.35232384
Edwards,55833.0,13.51438733
Effingham,65590.0,10.52353097
Fayette,47744.0,17.18211341
Ford,55011.0,13.09930856
Franklin,47751.0,18.36198343
Fulton,53441.0,14.79125123
Gallatin,52597.0,16.7428004
Greene,54427.0,13.43107516
Grundy,81764.0,6.101446197
Hamilton,58306.0,12.80110985
Hancock,58188.0,12.51355826
Hardin,51738.0,12.44824731
Henderson,62202.0,8.354075918
Henry,62097.0,10.00206101
Iroquois,58481.0,10.32129869
Jackson,41699.0,23.84254171
Jasper,60237.0,11.67243617
Jefferson,54692.0,15.08835523
Jersey,71655.0,7.015834348
Jo Daviess,61289.0,8.965359027
Johnson,58502.0,13.74038814
Kane,88935.0,8.44059232
Kankakee,61664.0,13.23319854
Kendall,101816.0,4.3603468
Knox,45994.0,16.15557055
Lake,97127.0,7.557241609
LaSalle,62825.0,13.68309277
Lawrence,52020.0,13.77199694
Lee,62250.0,11.95081337
Livingston,61419.0,11.91068467
Logan,59809.0,10.42589857
McDonough,45704.0,19.38226126
McHenry,93801.0,6.283805694
McLean,70339.0,15.71328336
Macon,55954.0,15.3406162
Macoupin,58227.0,14.99525037
Madison,66882.0,12.16729016
Marion,53209.0,16.87860639
Marshall,60231.0,11.3654441
Mason,54415.0,14.01088373
Massac,57658.0,14.0104577
Menard,79743.0,6.56880433
Mercer,59972.0,9.990350595
Monroe,92950.0,3.218959
Montgomery,59309.0,14.62393363
Morgan,55261.0,13.00986842
Moultrie,67309.0,8.575013943
Ogle,67534.0,8.826298447
Peoria,58426.0,15.61617585
Perry,53108.0,19.004109
Piatt,77559.0,5.765060241
Pike,51529.0,13.71242102
Pope,48013.0,21.47409255
Pulaski,40197.0,18.24453814
Putnam,67419.0,9.577114428
Randolph,58093.0,13.21173554
Richland,59963.0,13.5246429
Rock Island,58974.0,14.68928981
St. Clair,63017.0,13.62253113
Saline,47541.0,17.00021427
Sangamon,66149.0,14.08890179
Schuyler,58447.0,17.24789305
Scott,63555.0,12.09627649
Shelby,60103.0,9.005100825
Stark,55109.0,13.26299925
Stephenson,53806.0,14.09514735
Tazewell,68860.0,8.874366807
Union,53363.0,19.54705882
Vermilion,49063.0,18.64539165
Wabash,49680.0,13.87068202
Warren,59673.0,12.24515639
Washington,67030.0,7.491353301
Wayne,51540.0,14.4691358
White,51351.0,15.27345487
Whiteside,59812.0,12.14199715
Will,95751.0,6.790485016
Williamson,54682.0,13.91898984
Winnebago,57779.0,15.86148474
Woodford,76486.0,6.196626815
Indiana,61944.0,12.5021352
Adams,56037.0,15.32648212
Allen,61456.0,12.34460388
Bartholomew,71183.0,11.61579848
Benton,56155.0,16.70948155
Blackford,45080.0,18.21064931
Boone,94843.0,5.867665418
Brown,67737.0,8.653088042
Carroll,56929.0,6.46800877
Cass,51776.0,13.2505625
Clark,62296.0,9.953707615
Clay,63361.0,9.536997309
Clinton,55582.0,10.62932291
Crawford,42465.0,19.18997107
Daviess,57083.0,10.99085879
Dearborn,72674.0,9.304754826
Decatur,65000.0,10.3308965
DeKalb,60757.0,10.35485611
Delaware,49321.0,20.56840764
Dubois,65389.0,10.25020557
Elkhart,61182.0,11.40352607
Fayette,48101.0,16.95776851
Floyd,69858.0,9.489434814
Fountain,54475.0,11.00776149
Franklin,69440.0,6.934064476
Fulton,56885.0,14.21910253
Gibson,59697.0,10.76674637
Grant,50009.0,18.82360617
Greene,55470.0,12.81908444
Hamilton,104858.0,3.956294386
Hancock,79126.0,4.813796294
Harrison,63586.0,8.433271833
Hendricks,87961.0,5.201384984
Henry,54154.0,13.65117815
Howard,59238.0,11.62557725
Huntington,56705.0,10.52348309
Jackson,59504.0,13.35168771
Jasper,69632.0,8.120959722
Jay,48904.0,14.74115383
Jefferson,53784.0,13.77649012
Jennings,63612.0,12.50975873
Johnson,77977.0,7.596860611
Knox,51784.0,15.08068517
Kosciusko,66764.0,8.944083556
LaGrange,75624.0,5.322397476
Lake,62052.0,14.74905916
LaPorte,60226.0,14.3206467
Lawrence,60041.0,10.98126632
Madison,54491.0,15.09768663
Marion,54601.0,15.91361822
Marshall,58296.0,11.42787954
Martin,57199.0,12.44393449
Miami,53762.0,15.62351966
Monroe,54096.0,21.825534
Montgomery,58311.0,12.20585001
Morgan,71882.0,8.857403501
Newton,62306.0,11.28901946
Noble,63292.0,7.318813937
Ohio,63036.0,9.963985594
Orange,56572.0,13.63847224
Owen,53831.0,14.24937608
Parke,57156.0,15.49606089
Perry,54387.0,10.6323319
Pike,57283.0,10.14892905
Porter,76736.0,10.10786794
Posey,69323.0,9.329446064
Pulaski,52098.0,11.47341031
Putnam,64993.0,9.750689011
Randolph,54912.0,12.15684651
Ripley,64221.0,10.18954019
Rush,58887.0,11.45084663
St. Joseph,58599.0,14.44510322
Scott,45794.0,16.58132787
Shelby,64070.0,9.314762978
Spencer,59624.0,7.398943734
Starke,52802.0,14.82136693
Steuben,61698.0,10.3330278
Sullivan,49393.0,13.9994599
Switzerland,56268.0,20.55384615
Tippecanoe,53468.0,18.44508141
Tipton,65983.0,10.61776062
Union,60750.0,5.068394528
Vanderburgh,54044.0,15.24678465
Vermillion,53396.0,15.1891253
Vigo,48552.0,19.81117694
Wabash,59611.0,12.37423859
Warren,68136.0,11.52921375
Warrick,85613.0,5.639511689
Washington,53932.0,12.21719457
Wayne,49952.0,16.40373091
Wells,62802.0,7.044098385
White,60327.0,8.642942559
Whitley,67716.0,9.125872041
Iowa,65429.0,11.01261818
Adair,57944.0,11.50199258
Adams,57981.0,11.70623965
Allamakee,59461.0,10.5068523
Appanoose,46900.0,19.35774556
Audubon,54643.0,11.31017011
Benton,72334.0,8.493780208
Black Hawk,57191.0,14.96955452
Boone,70984.0,6.603773585
Bremer,76782.0,7.416606004
Buchanan,71024.0,8.026477078
Buena Vista,53645.0,9.921882926
Butler,61109.0,11.12285151
Calhoun,60434.0,10.66652286
Carroll,61157.0,8.274613427
Cass,55395.0,13.87448735
Cedar,72714.0,7.61810264
Cerro Gordo,58271.0,9.599019354
Cherokee,59881.0,12.08976406
Chickasaw,67146.0,6.235722142
Clarke,58617.0,15.81654072
Clay,52307.0,12.22084367
Clayton,58148.0,12.17607384
Clinton,56345.0,12.7153944
Crawford,55552.0,18.06030273
Dallas,93492.0,5.684488531
Davis,76755.0,9.609375
Decatur,52753.0,15.3
Delaware,69319.0,8.560894112
Des Moines,54318.0,13.97301114
Dickinson,65215.0,7.207518884
Dubuque,68198.0,9.307182135
Emmet,58357.0,12.60124971
Fayette,50973.0,12.19101715
Floyd,55827.0,11.8175357
Franklin,59019.0,12.56189995
Fremont,63611.0,8.001216915
Greene,52768.0,11.22718402
Grundy,74552.0,5.149229256
Guthrie,67625.0,9.778879146
Hamilton,62183.0,7.844456405
Hancock,64730.0,10.74178404
Hardin,58845.0,8.957986304
Harrison,67950.0,8.478351664
Henry,58767.0,10.2546492
Howard,60387.0,8.225528245
Humboldt,60008.0,14.2812139
Ida,57266.0,11.87381335
Iowa,64720.0,9.258693394
Jackson,65541.0,11.13017259
Jasper,63182.0,8.777429467
Jefferson,47950.0,14.1681598
Johnson,67414.0,16.7033893
Jones,63279.0,9.89462863
Keokuk,54233.0,12.5
Kossuth,59878.0,11.48403855
Lee,54258.0,12.9919437
Linn,70360.0,9.569793354
Louisa,65867.0,10.04277478
Lucas,55297.0,13.9225609
Lyon,69113.0,4.546994073
Madison,79306.0,6.664615385
Mahaska,60617.0,13.03414816
Marion,66822.0,7.46583538
Marshall,63591.0,11.86116284
Mills,77926.0,7.146810572
Mitchell,60991.0,4.896531623
Monona,56107.0,13.10594557
Monroe,69929.0,10.47988237
Montgomery,56971.0,13.47420147
Muscatine,61547.0,10.45209065
O'Brien,62292.0,12.5470878
Osceola,65242.0,11.51375391
Page,52108.0,13.90528387
Palo Alto,59988.0,9.077225889
Plymouth,74239.0,6.313081338
Pocahontas,56350.0,10.20848311
Polk,73015.0,10.09881814
Pottawattamie,63840.0,10.87128019
Poweshiek,56080.0,11.99508254
Ringgold,57700.0,9.444322425
Sac,61040.0,8.298755187
Scott,67675.0,11.83451739
Shelby,62222.0,8.109745543
Sioux,78179.0,5.446166737
Story,62578.0,19.42100585
Tama,59794.0,12.82158921
Taylor,59528.0,7.673901897
Union,52321.0,12.39287515
Van Buren,53218.0,12.73213281
Wapello,51222.0,15.23299566
Warren,85189.0,5.945384031
Washington,66908.0,7.103529199
Wayne,53039.0,13.55614556
Webster,56934.0,14.27947852
Winnebago,56578.0,7.161251981
Winneshiek,65330.0,8.233132933
Woodbury,63061.0,13.38719435
Worth,63795.0,7.010365521
Wright,55395.0,13.13155013
Kansas,64521.0,11.47819028
Allen,51840.0,16.27638522
Anderson,56315.0,12.96320545
Atchison,52243.0,13.94963552
Barber,52984.0,19.62365591
Barton,50077.0,15.53161779
Bourbon,49951.0,13.39850489
Brown,52314.0,14.61719418
Butler,71651.0,9.50629024
Chase,49453.0,6.72
Chautauqua,46170.0,17.92114695
Cherokee,47298.0,12.91463034
Cheyenne,45039.0,15.80161476
Clark,55556.0,10.0
Clay,52716.0,7.858942066
Cloud,53110.0,11.41176471
Coffey,63167.0,12.22855756
Comanche,49333.0,6.351039261
Cowley,51732.0,13.70762387
Crawford,45191.0,20.54173636
Decatur,46733.0,13.65817645
Dickinson,59400.0,8.744579239
Doniphan,54792.0,15.75642523
Douglas,62594.0,16.50224944
Edwards,49679.0,10.09530533
Elk,45660.0,14.32058584
Ellis,54858.0,15.5743304
Ellsworth,55318.0,10.36044195
Finney,61374.0,13.16453678
Ford,59578.0,12.26092388
Franklin,63996.0,8.802411837
Geary,54664.0,18.13192998
Gove,53226.0,6.470588235
Graham,44091.0,9.211618257
Grant,60417.0,8.651226158
Gray,70321.0,4.688342015
Greeley,57281.0,11.12012987
Greenwood,46783.0,13.4450964
Hamilton,48333.0,7.426127527
Harper,52188.0,17.61754321
Harvey,60653.0,9.779749159
Haskell,58841.0,9.888357257
Hodgeman,62902.0,10.11608624
Jackson,62023.0,9.788823664
Jefferson,72270.0,6.43989432
Jewell,45655.0,18.50052065
Johnson,96059.0,5.146142645
Kearny,61406.0,15.50407332
Kingman,54852.0,9.090909091
Kiowa,61406.0,5.013192612
Labette,51425.0,15.92318161
Lane,44219.0,9.786950732
Leavenworth,80853.0,8.579656025
Lincoln,48457.0,11.82572614
Linn,52339.0,11.81875131
Logan,62202.0,10.26574445
Lyon,52591.0,14.95686752
McPherson,63816.0,9.171235986
Marion,54679.0,8.977354421
Marshall,58750.0,10.18274112
Meade,66042.0,8.136614766
Miami,79211.0,6.157539385
Mitchell,49250.0,12.83488006
Montgomery,47697.0,17.57538342
Morris,50242.0,11.2242973
Morton,51447.0,12.12234241
Nemaha,65177.0,8.327430942
Neosho,54479.0,14.23673997
Ness,63241.0,9.220389805
Norton,49326.0,6.597756763
Osage,61702.0,11.36787898
Osborne,55551.0,13.48741954
Ottawa,57455.0,11.27528584
Pawnee,50988.0,12.41962153
Phillips,53919.0,14.15515841
Pottawatomie,76089.0,8.240759443
Pratt,57109.0,11.42045455
Rawlins,58590.0,12.21374046
Reno,53359.0,11.66083709
Republic,50268.0,11.6017316
Rice,56379.0,10.72770755
Riley,53296.0,22.04930299
Rooks,55000.0,4.78378943
Rush,50714.0,9.530583215
Russell,52108.0,15.21476104
Saline,55175.0,11.52938065
Scott,46583.0,9.454905847
Sedgwick,60593.0,13.20005611
Seward,51809.0,13.84848346
Shawnee,59848.0,12.27433927
Sheridan,68952.0,6.520841932
Sherman,58830.0,10.30110935
Smith,48051.0,8.40431573
Stafford,54188.0,10.31885513
Stanton,60607.0,18.6407767
Stevens,61267.0,14.093702
Sumner,54854.0,10.96905354
Thomas,69844.0,7.66555184
Trego,78529.0,7.633027523
Wabaunsee,66589.0,6.175210519
Wallace,56538.0,11.51797603
Washington,53491.0,10.29900332
Wichita,63306.0,12.91686238
Wilson,52514.0,16.19414304
Woodson,45234.0,12.74415626
Wyandotte,52366.0,17.66767038
Kentucky,55454.0,16.2677347
Adair,46652.0,18.23343849
Allen,47495.0,18.38520922
Anderson,59887.0,13.70820021
Ballard,52695.0,14.03280396
Barren,44254.0,23.58745638
Bath,46375.0,22.51192369
Bell,32123.0,28.30030232
Boone,87034.0,6.079929099
Bourbon,53277.0,13.69080431
Boyd,53077.0,17.62648586
Boyle,54234.0,14.5193008
Bracken,63277.0,18.4115087
Breathitt,32259.0,31.29862358
Breckinridge,49919.0,19.51048601
Bullitt,67892.0,10.1642178
Butler,48355.0,18.15686601
Caldwell,48280.0,14.69931409
Calloway,44534.0,18.43077657
Campbell,65580.0,12.22079446
Carlisle,42386.0,19.66044854
Carroll,42433.0,24.29604262
Carter,40092.0,30.22469752
Casey,37694.0,24.86252183
Christian,45913.0,16.99202975
Clark,59294.0,14.13740458
Clay,33399.0,33.56128628
Clinton,35042.0,22.86489419
Crittenden,45000.0,15.240611
Cumberland,34563.0,24.86066543
Daviess,57660.0,14.80546899
Edmonson,41533.0,16.94194194
Elliott,36455.0,25.43536504
Estill,36336.0,25.65639269
Fayette,61526.0,15.71427183
Fleming,48315.0,15.54902485
Floyd,37360.0,28.99720584
Franklin,59498.0,13.27695047
Fulton,33567.0,25.14792899
Gallatin,54978.0,18.05766313
Garrard,58137.0,14.46443465
Grant,60040.0,12.74753991
Graves,48187.0,18.51821077
Grayson,40839.0,23.72314669
Green,34363.0,22.10296525
Greenup,55431.0,14.76036543
Hancock,61622.0,13.06678579
Hardin,59863.0,11.24732529
Harlan,30210.0,33.58274146
Harrison,53862.0,16.88736309
Hart,45342.0,21.84533333
Henderson,53635.0,16.35593799
Henry,52301.0,17.41226379
Hickman,46321.0,20.39099795
Hopkins,49495.0,20.02891283
Jackson,33699.0,28.292645
Jefferson,61633.0,13.73760854
Jessamine,65196.0,12.58408949
Johnson,41489.0,20.51813472
Kenton,68503.0,11.88603749
Knott,35583.0,29.53790614
Knox,29206.0,34.53555976
Larue,53555.0,16.13373101
Laurel,46604.0,22.15947225
Lawrence,37014.0,26.10068735
Lee,29817.0,29.98956625
Leslie,34528.0,34.5802651
Letcher,35278.0,31.22163477
Lewis,32402.0,27.03182942
Lincoln,45856.0,18.85937303
Livingston,51081.0,16.77852349
Logan,53133.0,18.01704967
Lyon,55203.0,10.06629685
McCracken,53366.0,15.08423942
McCreary,33939.0,30.04051708
McLean,57027.0,10.75351494
Madison,55002.0,16.03200112
Magoffin,29615.0,29.03087845
Marion,48791.0,19.84505364
Marshall,58989.0,11.7122358
Martin,40826.0,22.3759074
Mason,48106.0,16.28767532
Meade,63944.0,13.1344097
Menifee,43313.0,26.41881888
Mercer,53750.0,11.99336442
Metcalfe,43196.0,21.18468956
Monroe,39334.0,24.26729191
Montgomery,49313.0,17.82171022
Morgan,41664.0,22.28772619
Muhlenberg,46124.0,15.12585508
Nelson,64354.0,8.109991074
Nicholas,44306.0,19.26928281
Ohio,48481.0,15.46166688
Oldham,109815.0,4.203043153
Owen,52450.0,15.41315956
Owsley,29340.0,27.71573604
Pendleton,57619.0,18.79185268
Perry,40577.0,21.53032006
Pike,36910.0,25.56572062
Powell,39493.0,18.56108312
Pulaski,42652.0,22.95071622
Robertson,53833.0,22.92993631
Rockcastle,40406.0,21.18821958
Rowan,45681.0,25.38223475
Russell,41851.0,23.03599016
Scott,73113.0,10.17309667
Shelby,73974.0,9.389003792
Simpson,53420.0,12.47272921
Spencer,92973.0,6.607536475
Taylor,56890.0,14.76190476
Todd,54823.0,21.50313152
Trigg,53693.0,17.41247226
Trimble,62125.0,14.26001439
Union,50533.0,18.75417626
Warren,57625.0,16.73682787
Washington,59049.0,13.70545298
Wayne,41237.0,22.48114085
Webster,47051.0,16.6732548
Whitley,41817.0,21.58063491
Wolfe,24349.0,34.63669951
Woodford,72765.0,7.339624077
Louisiana,53571.0,18.76812434
Acadia,42368.0,23.07772944
Allen,47660.0,18.07737523
Ascension,86256.0,9.771068615
Assumption,42831.0,16.41643059
Avoyelles,37903.0,26.47826924
Beauregard,57130.0,14.09218615
Bienville,32328.0,29.09005921
Bossier,58289.0,16.8952564
Caddo,43153.0,22.95844466
Calcasieu,59470.0,16.35150804
Caldwell,41861.0,25.51462622
Cameron,64525.0,8.324420677
Catahoula,42232.0,29.24675325
Claiborne,29574.0,33.64936526
Concordia,36157.0,30.8532031
De Soto,45364.0,21.08805173
East Baton Rouge,58167.0,17.6643665
East Carroll,25049.0,47.26134585
East Feliciana,58125.0,13.94981469
Evangeline,32465.0,27.03094778
Franklin,38250.0,27.14026473
Grant,52779.0,16.22306717
Iberia,52278.0,22.45170749
Iberville,52994.0,18.85416287
Jackson,41298.0,21.03399433
Jefferson,58638.0,15.91354427
Jefferson Davis,45578.0,16.94477678
Lafayette,63311.0,16.80204509
Lafourche,58747.0,15.70185712
La Salle,52205.0,17.04149039
Lincoln,38458.0,28.37473417
Livingston,71547.0,10.6572152
Madison,36875.0,35.02218071
Morehouse,33758.0,30.08732575
Natchitoches,33965.0,26.48062528
Orleans,45594.0,23.84089045
Ouachita,46021.0,24.35275922
Plaquemines,69970.0,17.45114112
Pointe Coupee,50431.0,19.37644564
Rapides,49639.0,18.77578387
Red River,41227.0,21.84964846
Richland,42956.0,28.57068254
Sabine,39975.0,21.60289789
St. Bernard,52538.0,21.6955081
St. Charles,72088.0,10.23843189
St. Helena,40857.0,25.21095068
St. James,56207.0,11.96691268
St. John the Baptist,60743.0,14.87835012
St. Landry,41068.0,25.91896408
St. Martin,46711.0,17.27958237
St. Mary,43097.0,20.5137091
St. Tammany,70986.0,11.74749405
Tangipahoa,50659.0,20.06550286
Tensas,32962.0,37.13546566
Terrebonne,57940.0,17.80318761
Union,44192.0,23.58006773
Vermilion,56347.0,17.4556213
Vernon,53215.0,17.70630279
Washington,39168.0,24.6523156
Webster,31197.0,26.64853281
West Baton Rouge,72391.0,14.60867569
West Carroll,42050.0,21.45820369
West Feliciana,63450.0,14.96847845
Winn,43710.0,18.37261597
Maine,63182.0,11.04753804
Androscoggin,59287.0,11.94357308
Aroostook,47278.0,14.50416769
Cumberland,80679.0,7.832360953
Franklin,53607.0,11.87235543
Hancock,60354.0,10.26817938
Kennebec,58097.0,12.00704725
Knox,63399.0,9.300110685
Lincoln,62121.0,10.62411224
Oxford,51384.0,14.02935806
Penobscot,55125.0,13.76540198
Piscataquis,46948.0,15.99755949
Sagadahoc,73343.0,11.1811674
Somerset,47488.0,17.86491497
Waldo,59880.0,13.01230825
Washington,46689.0,18.68449945
York,73856.0,7.717212462
Maryland,91431.0,9.15755654
Allegany,51090.0,14.77623329
Anne Arundel,108048.0,5.637814113
Baltimore,81846.0,9.264407915
Calvert,120295.0,4.321719551
Caroline,63027.0,12.57782932
Carroll,104708.0,4.980292525
Cecil,81817.0,9.995692356
Charles,107808.0,6.3507022
Dorchester,55652.0,15.0074897
Frederick,106129.0,6.632959971
Garrett,58011.0,9.109914251
Harford,98495.0,6.771442448
Howard,129549.0,5.503990976
Kent,64451.0,10.82964978
Montgomery,117345.0,7.043313746
Prince George's,91124.0,9.229790895
Queen Anne's,99597.0,7.169888098
St. Mary's,102859.0,7.986488445
Somerset,48661.0,20.42146198
Talbot,79349.0,8.115394985
Washington,67349.0,13.10240132
Wicomico,63610.0,14.30143014
Worcester,71262.0,9.13655397
Baltimore,54124.0,20.30962403
Massachusetts,89026.0,9.898734751
Barnstable,82619.0,7.236532293
Berkshire,63159.0,10.08072391
Bristol,74290.0,10.97241573
Dukes,77392.0,7.82673637
Essex,86684.0,9.859510635
Franklin,64949.0,10.63802418
Hampden,61310.0,15.86840918
Hampshire,76959.0,10.54050733
Middlesex,111790.0,7.429873435
Nantucket,116571.0,5.981089203
Norfolk,112089.0,6.250658196
Plymouth,98190.0,6.531971004
Suffolk,80260.0,17.25991055
Worcester,81660.0,9.805796214
Michigan,63202.0,13.2996694
Alcona,46187.0,15.73548451
Alger,48822.0,11.18421053
Allegan,70269.0,8.904138567
Alpena,44864.0,14.90869351
Antrim,60378.0,9.8496273
Arenac,48989.0,13.93503262
Baraga,45792.0,13.49642661
Barry,68779.0,8.621449919
Bay,52510.0,15.38640618
Benzie,68875.0,10.01017984
Berrien,55893.0,15.93992312
Branch,56077.0,13.02481366
Calhoun,53286.0,15.83866132
Cass,60725.0,12.39545064
Charlevoix,63508.0,9.002753966
Cheboygan,53482.0,12.51282456
Chippewa,53079.0,17.65766298
Clare,43069.0,23.65895346
Clinton,76161.0,8.450487627
Crawford,54240.0,15.2195802
Delta,51117.0,12.35333003
Dickinson,54775.0,9.394105659
Eaton,72173.0,7.795563516
Emmet,63488.0,7.755175088
Genesee,54052.0,16.90057038
Gladwin,48279.0,15.14716439
Gogebic,41948.0,13.55524079
Grand Traverse,69393.0,10.54201676
Gratiot,53347.0,15.22303122
Hillsdale,54110.0,15.39806531
Houghton,48623.0,17.17536311
Huron,51924.0,11.80018608
Ingham,58226.0,17.47139976
Ionia,64436.0,9.991564942
Iosco,44334.0,13.71313942
Iron,45792.0,15.27305282
Isabella,48840.0,23.7808256
Jackson,57746.0,11.98609272
Kalamazoo,61739.0,14.26846019
Kalkaska,50363.0,15.91063348
Kent,69786.0,10.4493667
Keweenaw,54010.0,9.81924768
Lake,40753.0,19.41747573
Lapeer,69194.0,9.941008388
Leelanau,72709.0,6.434340684
Lenawee,60656.0,10.94984851
Livingston,88908.0,5.084648553
Luce,49667.0,16.34059582
Mackinac,52989.0,15.26074338
Macomb,67828.0,10.27800173
Manistee,54428.0,10.88711382
Marquette,57981.0,15.15880807
Mason,55035.0,14.80193371
Mecosta,48440.0,19.11188624
Menominee,52457.0,10.59397743
Midland,67642.0,10.68428102
Missaukee,50695.0,12.03653949
Monroe,68006.0,11.32028393
Montcalm,54803.0,12.74429712
Montmorency,43913.0,16.28087274
Muskegon,57047.0,12.97141272
Newaygo,54235.0,15.4387181
Oakland,86275.0,7.566607939
Oceana,56454.0,13.04231694
Ogemaw,44165.0,16.98539895
Ontonagon,44605.0,14.71950592
Osceola,50722.0,14.57322232
Oscoda,45659.0,12.42487428
Otsego,59330.0,10.83428015
Ottawa,77288.0,7.620029994
Presque Isle,52181.0,13.0871699
Roscommon,46218.0,16.77263094
Saginaw,52749.0,17.97608395
St. Clair,62847.0,11.98621257
St. Joseph,57080.0,12.55197983
Sanilac,52459.0,14.87706039
Schoolcraft,54163.0,15.37194272
Shiawassee,58004.0,10.84140472
Tuscola,55174.0,13.29824897
Van Buren,61549.0,13.69416936
Washtenaw,79198.0,13.42787949
Wayne,52830.0,20.5035957
Wexford,54114.0,13.03679595
Minnesota,77706.0,9.230126731
Aitkin,50900.0,11.60725775
Anoka,88680.0,5.877695588
Becker,64296.0,10.92539747
Beltrami,55910.0,16.83220073
Benton,65529.0,9.450222883
Big Stone,58095.0,12.66932271
Blue Earth,65000.0,16.34183368
Brown,62999.0,7.988880832
Carlton,68579.0,11.81990937
Carver,107890.0,3.797589348
Cass,56487.0,12.49830463
Chippewa,59051.0,11.25660838
Chisago,90870.0,6.599419952
Clay,67984.0,14.05235126
Clearwater,56605.0,12.92630575
Cook,65045.0,9.140271493
Cottonwood,56297.0,11.44498453
Crow Wing,60810.0,10.18249018
Dakota,93892.0,5.461688952
Dodge,84568.0,4.881362512
Douglas,69069.0,8.147161036
Faribault,55186.0,11.56442618
Fillmore,67195.0,9.145723795
Freeborn,59862.0,10.54157333
Goodhue,71414.0,8.700969874
Grant,60781.0,7.908463739
Hennepin,85438.0,9.883687421
Houston,62397.0,6.952678668
Hubbard,63122.0,10.95726332
Isanti,78687.0,8.820752373
Itasca,58393.0,11.09870071
Jackson,64134.0,9.615189359
Kanabec,60982.0,9.73220533
Kandiyohi,67798.0,10.96847006
Kittson,60676.0,10.18904984
Koochiching,54708.0,11.36249372
Lac qui Parle,60718.0,9.129447388
Lake,66828.0,7.677146879
Lake of the Woods,55913.0,12.57404416
Le Sueur,80425.0,7.878381242
Lincoln,58621.0,9.589790337
Lyon,62388.0,12.27890599
McLeod,67067.0,7.261753845
Mahnomen,48021.0,21.06656581
Marshall,64239.0,7.52603875
Martin,57002.0,11.697733
Meeker,67099.0,7.716817249
Mille Lacs,61995.0,10.98713777
Morrison,61873.0,9.987422137
Mower,60386.0,12.68098363
Murray,69250.0,6.266996292
Nicollet,74317.0,9.391692327
Nobles,57101.0,11.78807947
Norman,58846.0,10.30715643
Olmsted,84656.0,7.609293157
Otter Tail,63587.0,8.845158655
Pennington,64268.0,10.26251262
Pine,59840.0,10.54596019
Pipestone,58288.0,11.4666956
Polk,61643.0,11.91761317
Pope,67040.0,8.017069185
Ramsey,71494.0,13.23936412
Red Lake,62417.0,10.11523688
Redwood,59638.0,9.849937198
Renville,61233.0,9.727518547
Rice,71384.0,10.22263926
Rock,68638.0,9.237288136
Roseau,65651.0,8.368784898
St. Louis,61213.0,13.56719126
Scott,109031.0,4.638833216
Sherburne,92374.0,5.016466589
Sibley,67412.0,7.954928817
Stearns,68212.0,12.79175929
Steele,73468.0,8.558717413
Stevens,65750.0,13.59429848
Swift,53664.0,12.22761541
Todd,58021.0,13.71463217
Traverse,56667.0,8.224185197
Wabasha,70603.0,7.085611918
Wadena,50100.0,13.56901863
Waseca,66502.0,8.072295836
Washington,102258.0,4.214160498
Watonwan,59494.0,13.03016659
Wilkin,57907.0,13.53465811
Winona,61753.0,13.44195958
Wright,94276.0,4.885038802
Yellow Medicine,65014.0,9.937691414
Mississippi,49111.0,19.38362608
Adams,33860.0,29.25231616
Alcorn,44068.0,16.49378809
Amite,31367.0,30.83504991
Attala,36196.0,25.9267593
Benton,39311.0,14.52374705
Bolivar,33729.0,33.01279881
Calhoun,41142.0,20.47874349
Carroll,46147.0,16.00164119
Chickasaw,38620.0,21.90137449
Choctaw,37859.0,18.41040108
Claiborne,31305.0,34.76155894
Clarke,40838.0,20.16548008
Clay,35638.0,23.24289336
Coahoma,31312.0,37.53704313
Copiah,46530.0,22.07895979
Covington,40233.0,22.74819198
DeSoto,73460.0,9.59634677
Forrest,45780.0,22.99817773
Franklin,40479.0,22.86313582
George,47385.0,21.10842556
Greene,49581.0,15.26701787
Grenada,40808.0,22.75070291
Hancock,58196.0,15.65156274
Harrison,51590.0,17.90470715
Hinds,46179.0,20.92411552
Holmes,24958.0,39.21284559
Humphreys,30327.0,35.37892319
Issaquena,17109.0,21.12676056
Itawamba,53510.0,9.855769231
Jackson,55107.0,15.19652877
Jasper,39992.0,19.48699022
Jefferson,29205.0,30.0574628
Jefferson Davis,34771.0,21.83795347
Jones,43659.0,21.71983398
Kemper,37667.0,25.28473804
Lafayette,54720.0,20.58932075
Lamar,63925.0,17.57395136
Lauderdale,43301.0,23.75195118
Lawrence,39443.0,20.95743798
Leake,39660.0,22.73335884
Lee,60708.0,13.42342233
Leflore,30182.0,31.62155232
Lincoln,43926.0,19.99361412
Lowndes,49660.0,19.72542847
Madison,74688.0,10.19000704
Marion,34286.0,24.43203292
Marshall,42968.0,20.62225016
Monroe,47353.0,17.28538283
Montgomery,35903.0,25.53602276
Neshoba,43416.0,25.75625414
Newton,44530.0,24.09476117
Noxubee,38999.0,27.9679249
Oktibbeha,41094.0,27.67650616
Panola,39673.0,22.00907716
Pearl River,53855.0,14.48705762
Perry,47368.0,21.36594775
Pike,36308.0,31.75069634
Pontotoc,52150.0,14.49327063
Prentiss,46417.0,16.5237398
Quitman,25783.0,34.81145816
Rankin,72326.0,9.611445164
Scott,43022.0,22.79257815
Sharkey,38977.0,27.266028
Simpson,43842.0,19.15820029
Smith,51792.0,15.61782908
Stone,50807.0,18.54421382
Sunflower,32608.0,31.29552666
Tallahatchie,31484.0,29.11015547
Tate,54839.0,15.25436685
Tippah,41506.0,20.64192485
Tishomingo,40394.0,20.75915531
Tunica,41176.0,32.37557722
Union,50543.0,12.31458872
Walthall,34605.0,25.64232102
Warren,50686.0,19.02566294
Washington,34399.0,30.36802991
Wayne,34766.0,17.9586039
Webster,53363.0,16.45299145
Wilkinson,31412.0,21.3641189
Winston,39725.0,25.38630074
Yalobusha,44348.0,21.9286872
Yazoo,40037.0,26.99150292
Missouri,61043.0,12.7686766
Adair,46639.0,22.91966348
Andrew,63769.0,7.448306947
Atchison,53867.0,11.68009206
Audrain,47178.0,16.77481881
Barry,49574.0,17.93322922
Barton,45113.0,22.11346903
Bates,52093.0,16.68046621
Benton,45533.0,18.43522828
Bollinger,51250.0,13.91549296
Boone,62653.0,16.81074834
Buchanan,54073.0,15.86377315
Butler,44842.0,21.26582278
Caldwell,54321.0,17.22972973
Callaway,63791.0,10.02117496
Camden,55717.0,13.32041313
Cape Girardeau,59252.0,14.44668836
Carroll,54967.0,10.231569
Carter,42378.0,21.95726822
Cass,76924.0,7.682334794
Cedar,41211.0,18.45977997
Chariton,56758.0,13.16740823
Christian,69212.0,9.349991364
Clark,45965.0,13.19433876
Clay,75596.0,8.169047099
Clinton,63876.0,9.884878807
Cole,64715.0,9.49755239
Cooper,55711.0,13.02234566
Crawford,46643.0,16.53501843
Dade,43661.0,17.544331
Dallas,44948.0,21.12254667
Daviess,55750.0,12.41471735
DeKalb,59462.0,10.33024797
Dent,45700.0,16.87617196
Douglas,45125.0,21.32956879
Dunklin,42194.0,22.08002301
Franklin,65263.0,9.305803745
Gasconade,58956.0,10.19440819
Gentry,47746.0,15.15201315
Greene,50682.0,14.9127633
Grundy,49621.0,16.07961651
Harrison,45313.0,16.60074166
Henry,49682.0,15.10915002
Hickory,32132.0,15.42151337
Holt,52500.0,10.63829787
Howard,58596.0,9.762056512
Howell,43200.0,23.46048558
Iron,44717.0,21.70768566
Jackson,60800.0,13.4189407
Jasper,51876.0,17.85872278
Jefferson,71285.0,8.721269135
Johnson,59952.0,11.81558531
Knox,40814.0,14.2665594
Laclede,46968.0,15.7328742
Lafayette,70969.0,10.27352603
Lawrence,46923.0,16.20432115
Lewis,46250.0,18.87485153
Lincoln,76622.0,10.68520737
Linn,54245.0,15.54671632
Livingston,54309.0,11.1449055
McDonald,43086.0,18.0875076
Macon,48583.0,11.1282017
Madison,50529.0,11.62376558
Maries,50434.0,15.8308517
Marion,56213.0,17.76491704
Mercer,52105.0,13.53512279
Miller,47288.0,14.85549133
Mississippi,39127.0,23.41578533
Moniteau,58900.0,11.48348598
Monroe,46441.0,15.38551813
Montgomery,54390.0,15.22879363
Morgan,46078.0,20.03132188
New Madrid,42370.0,19.5798164
Newton,55820.0,14.69776644
Nodaway,47669.0,20.73483795
Oregon,35972.0,25.39919586
Osage,67088.0,8.151759866
Ozark,36402.0,21.86144649
Pemiscot,35865.0,27.49761526
Perry,56832.0,9.457505489
Pettis,51936.0,16.06097243
Phelps,48124.0,18.80961557
Pike,47382.0,16.50963998
Platte,85031.0,5.979201107
Polk,50890.0,15.87275094
Pulaski,59252.0,14.55609712
Putnam,46161.0,12.11267606
Ralls,58829.0,12.74748854
Randolph,51403.0,16.18108863
Ray,67643.0,10.78048994
Reynolds,41925.0,15.6187291
Ripley,36089.0,21.31419105
St. Charles,91792.0,4.709119517
St. Clair,40470.0,15.08669219
Ste. Genevieve,62607.0,10.15093714
St. Francois,50015.0,16.73840111
St. Louis,72562.0,9.579933176
Saline,49705.0,13.58120793
Schuyler,49746.0,10.51855493
Scotland,48705.0,10.94185797
Scott,50556.0,16.36475202
Shannon,41176.0,23.43545811
Shelby,46178.0,14.3662453
Stoddard,46052.0,17.23384767
Stone,54320.0,14.35885729
Sullivan,46964.0,15.71917808
Taney,51031.0,14.64457608
Texas,37994.0,19.09839212
Vernon,49494.0,16.08256064
Warren,68350.0,10.67840287
Washington,44955.0,19.15202747
Wayne,42257.0,23.63914924
Webster,59325.0,14.65578706
Worth,41847.0,15.69826707
Wright,40179.0,19.66993007
St. Louis,48751.0,19.61920389
Montana,60560.0,12.48566416
Beaverhead,51048.0,16.4811692
Big Horn,49640.0,28.56701668
Blaine,50847.0,25.80181217
Broadwater,60244.0,6.890271665
Carbon,63178.0,9.723160027
Carter,41447.0,14.90963855
Cascade,56377.0,12.94030269
Chouteau,48237.0,14.59791702
Custer,55426.0,12.30490644
Daniels,54722.0,10.48340128
Dawson,57684.0,9.028504945
Deer Lodge,44809.0,22.71704903
Fallon,83750.0,12.78797997
Fergus,52941.0,14.32905068
Flathead,63582.0,9.198262822
Gallatin,76208.0,10.39196677
Garfield,55000.0,8.333333333
Glacier,39441.0,27.99260628
Golden Valley,46607.0,15.12195122
Granite,49077.0,11.99510404
Hill,56840.0,14.67295597
Jefferson,72500.0,5.585980285
Judith Basin,51691.0,18.06387226
Lake,53154.0,19.06826628
Lewis and Clark,66486.0,8.483977291
Liberty,46507.0,22.16135458
Lincoln,41922.0,16.56050955
McCone,63365.0,3.543307087
Madison,56410.0,6.962400664
Meagher,51709.0,13.5483871
Mineral,50750.0,16.25312998
Missoula,61423.0,12.63832012
Musselshell,51153.0,13.01441404
Park,58510.0,12.5811018
Petroleum,54375.0,7.746478873
Phillips,50789.0,8.293499044
Pondera,55865.0,17.57150197
Powder River,55833.0,16.58001155
Powell,53111.0,11.85711614
Prairie,44500.0,16.45781119
Ravalli,59640.0,10.78919467
Richland,62530.0,7.306097238
Roosevelt,47182.0,32.34083293
Rosebud,59339.0,19.94022714
Sanders,46848.0,16.78916508
Sheridan,58786.0,10.2860445
Silver Bow,50331.0,15.97408335
Stillwater,72906.0,5.903560162
Sweet Grass,59238.0,5.189838842
Teton,60431.0,13.9408867
Toole,54137.0,8.097165992
Treasure,55313.0,9.523809524
Valley,53667.0,12.78692952
Wheatland,38893.0,22.35179786
Wibaux,49000.0,12.6252505
Yellowstone,65656.0,10.94879104
Nebraska,66644.0,10.28972644
Adams,57783.0,13.13573594
Antelope,55802.0,10.82515683
Arthur,59375.0,11.22881356
Banner,57917.0,2.99500832
Blaine,49464.0,8.670520231
Boone,63668.0,6.295809058
Box Butte,63366.0,12.36028928
Boyd,54464.0,10.57367829
Brown,43942.0,7.203234105
Buffalo,65810.0,12.10591625
Burt,55769.0,13.47517731
Butler,64837.0,8.18770622
Cass,78251.0,5.808537665
Cedar,69490.0,5.845816588
Chase,55690.0,8.143053645
Cherry,57719.0,7.805325987
Cheyenne,53674.0,11.58129176
Clay,70690.0,8.939292862
Colfax,70381.0,9.591285907
Cuming,63125.0,5.809128631
Custer,57715.0,12.01602136
Dakota,63053.0,11.75910044
Dawes,51925.0,13.91808138
Dawson,58402.0,12.1580675
Deuel,50924.0,8.137044968
Dixon,58849.0,10.76701476
Dodge,60962.0,11.0285588
Douglas,70683.0,10.70529145
Dundy,53696.0,13.72863248
Fillmore,66410.0,7.06014195
Franklin,52400.0,18.1146676
Frontier,59573.0,8.882402002
Furnas,57284.0,9.126723572
Gage,55000.0,13.80896503
Garden,43478.0,6.886403767
Garfield,57888.0,10.7515085
Gosper,69886.0,5.014084507
Grant,56806.0,15.75144509
Greeley,48472.0,13.52833638
Hall,60720.0,11.93287958
Hamilton,71211.0,2.580714826
Harlan,59432.0,7.33627204
Hayes,51389.0,13.01907969
Hitchcock,47025.0,10.52834555
Holt,60592.0,8.622062923
Hooker,51333.0,8.579881657
Howard,64167.0,6.376676021
Jefferson,51587.0,10.65214316
Johnson,53696.0,6.701030928
Kearney,68606.0,9.237132353
Keith,54303.0,13.01119766
Keya Paha,54583.0,6.131078224
Kimball,55428.0,11.93181818
Knox,58043.0,10.22906314
Lancaster,65086.0,12.01140622
Lincoln,61309.0,10.98347204
Logan,60250.0,8.554913295
Loup,46667.0,6.165413534
McPherson,53750.0,8.0
Madison,55375.0,12.0494812
Merrick,57778.0,11.05667373
Morrill,50859.0,7.452999105
Nance,55473.0,12.8532361
Nemaha,53081.0,13.70769231
Nuckolls,61667.0,6.22233153
Otoe,70072.0,12.15948963
Pawnee,51354.0,16.8057211
Perkins,57250.0,7.936507937
Phelps,61606.0,12.16699343
Pierce,62299.0,9.44374387
Platte,64105.0,7.232881587
Polk,66486.0,6.809338521
Red Willow,53387.0,11.41204819
Richardson,46085.0,11.11826849
Rock,55129.0,9.920634921
Saline,58011.0,12.76879727
Sarpy,88408.0,5.553056109
Saunders,76485.0,6.632606094
Scotts Bluff,56588.0,11.96319887
Seward,73892.0,7.079809888
Sheridan,47901.0,12.90195305
Sherman,57579.0,9.177755032
Sioux,46769.0,10.17576318
Stanton,70583.0,6.546080965
Thayer,56111.0,9.163428104
Thomas,51696.0,7.295373666
Thurston,56223.0,20.5204461
Valley,58015.0,9.120685311
Washington,83491.0,7.389114382
Wayne,60971.0,12.7826942
Webster,56786.0,8.59863136
Wheeler,51875.0,12.5170068
York,66337.0,8.153078203
Nevada,65686.0,12.88257433
Churchill,61776.0,9.966886064
Clark,64210.0,13.60227237
Douglas,75688.0,7.028721269
Elko,82462.0,11.55398203
Esmeralda,31667.0,13.35372069
Eureka,68307.0,18.33541927
Humboldt,70315.0,13.40503056
Lander,92543.0,10.93914879
Lincoln,62164.0,5.596646943
Lyon,63952.0,9.612888712
Mineral,43009.0,19.58073149
Nye,52570.0,15.57021104
Pershing,62841.0,9.145088368
Storey,66713.0,12.02876984
Washoe,74292.0,10.94448657
White Pine,63590.0,11.14481667
Carson,62217.0,10.0126058
New Hampshire,83449.0,7.396883703
Belknap,75035.0,8.01219629
Carroll,70873.0,7.805560625
Cheshire,69360.0,9.774791036
Coos,52054.0,10.93643432
Grafton,73755.0,9.401155252
Hillsborough,86930.0,7.161458018
Merrimack,82457.0,6.965506431
Rockingham,101683.0,4.906956494
Strafford,76560.0,9.175498831
Sullivan,64587.0,12.45427297
New Jersey,89703.0,9.757649534
Atlantic,66473.0,14.00393962
Bergen,109497.0,6.582056846
Burlington,95935.0,6.235358164
Camden,75485.0,12.25087731
Cape May,76237.0,9.302276021
Cumberland,58397.0,15.67281177
Essex,67826.0,15.27024524
Gloucester,93208.0,7.178480082
Hudson,79795.0,14.37660442
Hunterdon,123373.0,3.71967957
Mercer,85687.0,11.39347446
Middlesex,96883.0,8.376763054
Monmouth,110356.0,6.542172219
Morris,123727.0,5.003547836
Ocean,76644.0,10.47252121
Passaic,78386.0,14.58123707
Salem,67898.0,13.04567646
Somerset,121695.0,5.110456251
Sussex,101645.0,5.117914799
Union,87369.0,8.5608924
Warren,85163.0,7.787372331
New Mexico,54020.0,18.32522417
Bernalillo,56920.0,16.09145602
Catron,37623.0,22.4484026
Chaves,47620.0,21.24181437
Cibola,47300.0,27.86036993
Colfax,39483.0,19.64497041
Curry,51199.0,19.50344943
De Baca,32750.0,17.7262931
Doa Ana,47151.0,23.19793202
Eddy,67759.0,14.70008775
Grant,39429.0,22.06712098
Guadalupe,35409.0,18.73343932
Harding,35900.0,14.63414634
Hidalgo,46097.0,22.13313897
Lea,62319.0,16.7561087
Lincoln,47247.0,12.64153792
Los Alamos,123677.0,4.20071234
Luna,33914.0,26.26992732
McKinley,40262.0,34.0378121
Mora,37549.0,19.83392645
Otero,46949.0,18.93314947
Quay,33067.0,25.52009456
Rio Arriba,46994.0,22.30111867
Roosevelt,47897.0,22.76593394
Sandoval,68947.0,10.28444292
San Juan,47485.0,23.49522898
San Miguel,36492.0,24.86486486
Santa Fe,64423.0,12.25590786
Sierra,35939.0,24.97546177
Socorro,38242.0,32.25887527
Taos,49481.0,15.2746029
Torrance,44819.0,23.89920247
Union,37443.0,18.21816105
Valencia,53752.0,16.65766374
New York,75157.0,13.45034439
Albany,73810.0,11.71367175
Allegany,54375.0,16.28058021
Bronx,43726.0,26.5039684
Broome,53982.0,18.74062889
Cattaraugus,53537.0,17.27015029
Cayuga,59602.0,13.48103903
Chautauqua,50408.0,17.33350732
Chemung,58175.0,14.47817766
Chenango,55690.0,12.20608799
Clinton,62470.0,12.71222674
Columbia,73065.0,9.700817475
Cortland,62163.0,12.76930553
Delaware,52757.0,15.44320513
Dutchess,87112.0,8.820585775
Erie,62578.0,13.78655744
Essex,61563.0,9.514123646
Franklin,55279.0,18.39858149
Fulton,55240.0,14.75359774
Genesee,63734.0,10.42506061
Greene,62810.0,10.23006478
Hamilton,62841.0,9.703128113
Herkimer,60561.0,13.02821043
Jefferson,58271.0,13.12990756
Kings,67753.0,18.79478912
Lewis,60049.0,11.9258754
Livingston,64467.0,11.52455879
Madison,63312.0,8.985360128
Monroe,66317.0,13.65578513
Montgomery,53533.0,16.7381798
Nassau,126576.0,5.463711853
New York,93956.0,15.55359739
Niagara,60834.0,12.43635876
Oneida,61733.0,14.50378563
Onondaga,66012.0,13.81475978
Ontario,70694.0,8.542117128
Orange,85640.0,11.70611592
Orleans,54882.0,13.96820375
Oswego,61983.0,16.44111258
Otsego,60523.0,12.38176808
Putnam,111617.0,6.049497774
Queens,75886.0,11.41475478
Rensselaer,76731.0,11.19399623
Richmond,89427.0,10.30427975
Rockland,99707.0,14.88748062
St. Lawrence,54351.0,17.10557557
Saratoga,90800.0,6.380854411
Schenectady,69891.0,11.97082483
Schoharie,64220.0,12.06902587
Schuyler,56437.0,15.80227363
Seneca,59086.0,11.88833731
Steuben,58652.0,12.75924646
Suffolk,111660.0,6.625190576
Sullivan,63393.0,14.06726591
Tioga,64987.0,9.284776219
Tompkins,64260.0,16.84627299
Ulster,71040.0,13.16956082
Warren,68765.0,7.943067742
Washington,63869.0,11.89268461
Wayne,64152.0,11.15476559
Westchester,105387.0,8.205217957
Wyoming,60013.0,9.243341885
Yates,57635.0,13.22254335
North Carolina,60516.0,13.6699192
Alamance,55078.0,14.35745956
Alexander,55041.0,11.5453588
Alleghany,38930.0,21.4589497
Anson,39862.0,18.29320825
Ashe,43938.0,13.95587286
Avery,46383.0,13.29463981
Beaufort,51894.0,18.69812342
Bertie,37571.0,24.04648391
Bladen,39259.0,24.55101904
Brunswick,64400.0,10.21443082
Buncombe,59699.0,10.89476996
Burke,48142.0,18.12098595
Cabarrus,75765.0,9.387835109
Caldwell,48549.0,13.40190629
Camden,68560.0,6.239737274
Carteret,61805.0,9.744859673
Caswell,53279.0,17.11403184
Catawba,57840.0,12.81915673
Chatham,76791.0,10.51356263
Cherokee,43319.0,16.88436147
Chowan,46288.0,21.96382429
Clay,47155.0,14.17200366
Cleveland,45646.0,18.33657938
Columbus,40562.0,21.03350579
Craven,56325.0,14.1561781
Cumberland,50746.0,18.04264643
Currituck,79416.0,8.308366825
Dare,69500.0,6.81132386
Davidson,53083.0,14.51840166
Davie,64657.0,12.56558113
Duplin,45744.0,18.15896698
Durham,67000.0,13.18189387
Edgecombe,41974.0,22.81580184
Forsyth,56830.0,15.64537757
Franklin,62332.0,11.30814701
Gaston,56819.0,13.11277925
Gates,51599.0,13.91993886
Graham,41977.0,13.37427927
Granville,60606.0,14.36754835
Greene,45766.0,21.38413258
Guilford,58646.0,14.53091944
Halifax,37832.0,26.23806652
Harnett,59676.0,14.94605425
Haywood,52063.0,12.37121858
Henderson,59928.0,10.36318343
Hertford,43523.0,20.7977352
Hoke,53456.0,17.89382209
Hyde,48577.0,24.16154936
Iredell,66824.0,9.771427317
Jackson,47989.0,19.24557156
Johnston,66026.0,12.54749762
Jones,42401.0,20.84954604
Lee,57674.0,15.14287111
Lenoir,41092.0,23.26821911
Lincoln,65399.0,10.69653499
McDowell,50615.0,13.83238218
Macon,48169.0,16.34888662
Madison,51396.0,13.81734172
Martin,41798.0,19.7696737
Mecklenburg,73124.0,10.56616647
Mitchell,48320.0,12.96855691
Montgomery,50618.0,15.57904042
Moore,67440.0,9.686063529
Nash,52837.0,14.70937385
New Hanover,62362.0,13.611636
Northampton,39764.0,20.80060511
Onslow,54732.0,13.3042403
Orange,79205.0,12.5558686
Pamlico,52124.0,14.25245732
Pasquotank,56510.0,13.09305478
Pender,65681.0,12.50978124
Perquimans,53138.0,13.08831511
Person,55759.0,18.31827946
Pitt,50422.0,20.68248914
Polk,55058.0,9.520329871
Randolph,51598.0,15.11398679
Richmond,38926.0,24.9500238
Robeson,36736.0,27.26941748
Rockingham,46993.0,18.22470223
Rowan,53600.0,16.7510043
Rutherford,45500.0,18.23453405
Sampson,45127.0,21.40041972
Scotland,39866.0,26.07821298
Stanly,56462.0,13.32084728
Stokes,52637.0,14.76540624
Surry,50881.0,16.5841549
Swain,48608.0,18.69279176
Transylvania,57830.0,13.09092046
Tyrrell,40938.0,16.72253259
Union,88465.0,7.182550768
Vance,45243.0,19.44793271
Wake,88471.0,8.534416278
Warren,39588.0,19.35074956
Washington,32937.0,24.22348999
Watauga,48786.0,23.15482711
Wayne,49488.0,18.60204206
Wilkes,46079.0,17.31922399
Wilson,47348.0,18.86427022
Yadkin,51348.0,15.41653108
Yancey,45324.0,14.73961477
North Dakota,68131.0,10.72305597
Adams,52896.0,14.19384474
Barnes,64016.0,10.56691091
Benson,54375.0,30.17212843
Billings,71375.0,9.603841537
Bottineau,68095.0,8.671556642
Bowman,76447.0,9.346427362
Burke,97802.0,5.547850208
Burleigh,76043.0,7.760129933
Cass,68718.0,10.39331818
Cavalier,60284.0,13.79785183
Dickey,58267.0,5.749273558
Divide,83438.0,5.644402634
Dunn,84459.0,7.273181705
Eddy,44958.0,13.69440775
Emmons,56713.0,8.057598039
Foster,71250.0,7.164449819
Golden Valley,83295.0,5.882352941
Grand Forks,57213.0,15.44407154
Grant,57200.0,11.76979662
Griggs,64196.0,4.821511358
Hettinger,62865.0,10.09409752
Kidder,52419.0,10.27956989
LaMoure,63594.0,14.48495229
Logan,53929.0,7.375643225
McHenry,71612.0,9.07897205
McIntosh,58056.0,10.23462783
McKenzie,78442.0,13.04443953
McLean,72324.0,7.698658411
Mercer,78547.0,9.584859585
Morton,75177.0,7.705638423
Mountrail,76520.0,12.89252772
Nelson,56724.0,10.38696538
Oliver,64148.0,11.78378378
Pembina,61795.0,7.259148618
Pierce,59803.0,11.22265122
Ramsey,55534.0,14.74852336
Ransom,67480.0,11.16337977
Renville,71218.0,5.123674912
Richland,62481.0,10.74524518
Rolette,49434.0,26.94287816
Sargent,67467.0,5.719557196
Sheridan,61125.0,4.328018223
Sioux,39755.0,38.53397811
Slope,67614.0,4.516129032
Stark,70364.0,10.85249492
Steele,81354.0,12.13903743
Stutsman,54652.0,12.54658385
Towner,51912.0,14.84082397
Traill,73113.0,6.002621232
Walsh,59368.0,9.655172414
Ward,72227.0,9.65418081
Wells,58932.0,8.817584639
Williams,80142.0,7.059846628
Ohio,61938.0,13.35181908
Adams,44467.0,19.23232919
Allen,55114.0,13.03373761
Ashland,58168.0,12.37950078
Ashtabula,49680.0,18.90467388
Athens,47061.0,25.48200932
Auglaize,69315.0,7.280617165
Belmont,54191.0,11.25717548
Brown,59766.0,15.96984714
Butler,72281.0,11.36675824
Carroll,55954.0,13.21519179
Champaign,62865.0,10.18670334
Clark,54869.0,15.1929218
Clermont,73013.0,8.939764543
Clinton,57409.0,13.98021459
Columbiana,51664.0,12.94215395
Coshocton,49297.0,19.11332779
Crawford,48449.0,14.09551728
Cuyahoga,55109.0,16.70745838
Darke,57440.0,10.43129584
Defiance,65779.0,9.542706475
Delaware,116284.0,4.602337665
Erie,60149.0,12.06583809
Fairfield,77241.0,8.60700611
Fayette,52964.0,16.13152533
Franklin,65999.0,14.65506029
Fulton,65418.0,8.835798256
Gallia,50773.0,16.42186791
Geauga,90285.0,5.829933775
Greene,75901.0,10.85379658
Guernsey,48434.0,18.3655767
Hamilton,63080.0,14.8779978
Hancock,60828.0,11.05746215
Hardin,52112.0,17.83218024
Harrison,51993.0,14.83893557
Henry,64513.0,9.72360237
Highland,52376.0,16.69454588
Hocking,56755.0,16.34199134
Holmes,69454.0,8.955292707
Huron,59049.0,12.32583435
Jackson,50983.0,17.07882777
Jefferson,49211.0,17.34067564
Knox,64439.0,12.66952907
Lake,70168.0,7.486490969
Lawrence,48947.0,18.76019293
Licking,72771.0,9.480193013
Logan,64196.0,9.533326013
Lorain,62390.0,13.21799537
Lucas,53176.0,17.60514252
Madison,72811.0,10.18475512
Mahoning,50750.0,17.31577221
Marion,51144.0,15.17491517
Medina,82894.0,5.742677766
Meigs,44113.0,20.07451836
Mercer,68692.0,5.292539694
Miami,66284.0,7.669622043
Monroe,50503.0,14.70368153
Montgomery,56543.0,15.30206063
Morgan,44848.0,17.3477535
Morrow,63411.0,10.18026648
Muskingum,52224.0,15.80546388
Noble,46144.0,16.60488627
Ottawa,64463.0,8.285864847
Paulding,59987.0,10.05568644
Perry,58616.0,15.1772726
Pickaway,63629.0,13.37965536
Pike,44961.0,19.36133701
Portage,64163.0,11.15096927
Preble,60527.0,9.783733189
Putnam,73122.0,6.343042071
Richland,52605.0,13.60866853
Ross,54004.0,16.52355405
Sandusky,56414.0,12.90411668
Scioto,43266.0,23.82201537
Seneca,56043.0,12.22348434
Shelby,66536.0,10.81609075
Stark,58170.0,13.35309137
Summit,63111.0,12.63812805
Trumbull,50258.0,17.09840902
Tuscarawas,57545.0,13.01633045
Union,96634.0,4.715124339
Van Wert,59210.0,9.823943662
Vinton,46653.0,18.8597867
Warren,95709.0,4.81555829
Washington,54167.0,13.5919328
Wayne,64594.0,10.01931241
Williams,55030.0,10.74444661
Wood,66337.0,12.63695199
Wyandot,61626.0,6.98115828
Oklahoma,56956.0,15.21319337
Adair,37940.0,24.53243643
Alfalfa,66552.0,11.64529915
Atoka,45148.0,17.1377404
Beaver,60152.0,7.4749499
Beckham,50365.0,19.99060984
Blaine,52538.0,12.2947537
Bryan,49225.0,17.12057024
Caddo,47566.0,19.72881619
Canadian,76973.0,7.629273806
Carter,52906.0,15.95295409
Cherokee,47421.0,21.30371928
Choctaw,38854.0,23.13385042
Cimarron,50350.0,12.09034544
Cleveland,67068.0,12.33219981
Coal,43697.0,20.76303681
Comanche,54483.0,16.43762366
Cotton,54787.0,20.26902524
Craig,45094.0,18.86155692
Creek,56384.0,14.07204252
Custer,55074.0,15.98655785
Delaware,46588.0,18.95156269
Dewey,53672.0,14.82310793
Ellis,52250.0,15.3887114
Garfield,60732.0,13.50115169
Garvin,50441.0,15.08165976
Grady,68925.0,10.25249516
Grant,54150.0,12.02562839
Greer,49203.0,18.73647772
Harmon,55369.0,17.57575758
Harper,51481.0,15.26927785
Haskell,43622.0,21.58316806
Hughes,42425.0,20.56375175
Jackson,55551.0,15.47658311
Jefferson,43438.0,23.16731953
Johnston,46754.0,21.34206869
Kay,50391.0,16.47222544
Kingfisher,61657.0,10.70267401
Kiowa,36985.0,24.21669457
Latimer,39939.0,17.15553631
Le Flore,43049.0,21.20483977
Lincoln,54578.0,14.62296861
Logan,74744.0,13.38584331
Love,55568.0,15.22194514
McClain,73914.0,7.311838447
McCurtain,43435.0,22.07386179
McIntosh,40792.0,21.9785497
Major,60025.0,12.01106282
Marshall,51345.0,17.07252863
Mayes,52956.0,16.90600016
Murray,54160.0,16.61952962
Muskogee,44166.0,19.63006877
Noble,62910.0,11.65587419
Nowata,46786.0,16.10060189
Okfuskee,43000.0,27.60046145
Oklahoma,58239.0,15.75110109
Okmulgee,48689.0,16.69205597
Osage,54036.0,13.47590943
Ottawa,42311.0,20.41597507
Pawnee,53084.0,15.00387697
Payne,43686.0,25.00374185
Pittsburg,49669.0,18.80728456
Pontotoc,55862.0,14.30161531
Pottawatomie,54896.0,14.71394758
Pushmataha,40721.0,18.86230332
Roger Mills,58385.0,17.94348966
Rogers,69322.0,9.470336023
Seminole,40190.0,21.79520471
Sequoyah,43496.0,19.39647476
Stephens,53470.0,15.87117537
Texas,50781.0,23.22116986
Tillman,41138.0,19.73703649
Tulsa,60382.0,14.18052521
Wagoner,68906.0,9.367303822
Washington,55216.0,14.16635831
Washita,55750.0,12.04615818
Woods,55933.0,14.4035533
Woodward,55700.0,14.17604913
Oregon,70084.0,12.0755036
Baker,46922.0,14.11735206
Benton,68732.0,18.26383973
Clackamas,88517.0,7.497804881
Clatsop,61846.0,9.929130921
Columbia,73909.0,10.1236998
Coos,52548.0,16.33555821
Crook,64820.0,9.612044007
Curry,57553.0,13.19528678
Deschutes,74082.0,9.410422057
Douglas,52479.0,13.82464871
Gilliam,51705.0,11.79513709
Grant,51100.0,15.3987817
Harney,42095.0,11.71789243
Hood River,77815.0,6.276115308
Jackson,61020.0,13.45007095
Jefferson,59748.0,14.90334378
Josephine,51733.0,16.1484291
Klamath,50790.0,19.14000354
Lake,50685.0,19.09222853
Lane,59016.0,16.45831153
Lincoln,54961.0,13.77530282
Linn,63313.0,11.82165258
Malheur,47906.0,19.4470648
Marion,64880.0,13.40501321
Morrow,61659.0,14.78377472
Multnomah,76290.0,12.68918121
Polk,70238.0,12.0094871
Sherman,53606.0,12.0650954
Tillamook,55730.0,13.64048681
Umatilla,63123.0,12.77988425
Union,55227.0,14.18362167
Wallowa,57891.0,8.97807199
Wasco,57853.0,9.715313385
Washington,92025.0,8.016947576
Wheeler,46648.0,13.97260274
Yamhill,73409.0,11.53415454
Pennsylvania,67587.0,11.79806866
Adams,72492.0,7.757219402
Allegheny,66659.0,11.10766239
Armstrong,56838.0,10.44321245
Beaver,62152.0,10.61267627
Bedford,54596.0,10.54565536
Berks,69272.0,11.81743776
Blair,54368.0,13.49339676
Bradford,54383.0,12.91867637
Bucks,99302.0,5.507558205
Butler,77065.0,7.778667094
Cambria,51018.0,13.89834488
Cameron,43615.0,16.07103705
Carbon,59289.0,12.47325698
Centre,64995.0,17.18340176
Chester,109969.0,6.053100757
Clarion,53096.0,15.24244341
Clearfield,52826.0,14.75580882
Clinton,53792.0,13.85952808
Columbia,55572.0,14.88705017
Crawford,55042.0,13.12087885
Cumberland,77001.0,7.323221972
Dauphin,66480.0,12.05742003
Delaware,80398.0,9.62379244
Elk,57551.0,9.287066658
Erie,55949.0,15.68861581
Fayette,51321.0,16.07350827
Forest,43958.0,16.74049895
Franklin,66329.0,9.254818657
Fulton,58343.0,11.26536814
Greene,57497.0,12.61222745
Huntingdon,57055.0,11.59048328
Indiana,52546.0,13.47334493
Jefferson,52815.0,14.58710342
Juniata,56382.0,9.5548224
Lackawanna,58366.0,13.50402693
Lancaster,73688.0,8.597996555
Lawrence,53106.0,12.47147476
Lebanon,66164.0,10.83665109
Lehigh,69440.0,12.10311673
Luzerne,56534.0,14.16476177
Lycoming,58177.0,12.31962834
McKean,52350.0,14.80041267
Mercer,52810.0,13.59658382
Mifflin,54738.0,15.27132636
Monroe,72679.0,10.56595355
Montgomery,99361.0,5.934221978
Montour,64858.0,8.670586879
Northampton,77103.0,8.954119635
Northumberland,51005.0,12.37517467
Perry,72922.0,8.769526503
Philadelphia,52649.0,22.81833378
Pike,71360.0,9.398405412
Potter,50944.0,13.35428607
Schuylkill,57785.0,12.67432623
Snyder,62951.0,9.039910242
Somerset,54332.0,10.64746537
Sullivan,54074.0,12.12914485
Susquehanna,59391.0,11.63087336
Tioga,54671.0,12.47383843
Union,61807.0,12.45181299
Venango,55899.0,12.85633757
Warren,55796.0,11.46234699
Washington,68787.0,8.760255197
Wayne,56744.0,10.78063782
Westmoreland,64708.0,9.890214111
Wyoming,62795.0,10.83855799
York,72543.0,8.681412175
Rhode Island,74489.0,11.25920439
Bristol,95102.0,6.661251015
Kent,79880.0,7.687543547
Newport,90435.0,8.259380639
Providence,65797.0,13.58700136
Washington,92001.0,7.968593654
South Carolina,58234.0,14.52341595
Abbeville,45710.0,17.19739843
Aiken,57572.0,13.26750872
Allendale,31800.0,27.41891892
Anderson,56796.0,13.95862663
Bamberg,44408.0,18.49480834
Barnwell,38237.0,29.99171096
Beaufort,74199.0,10.13101691
Berkeley,70786.0,11.42801532
Calhoun,52491.0,20.0529214
Charleston,70807.0,12.52656674
Cherokee,41330.0,17.99692947
Chester,46441.0,18.1750117
Chesterfield,45046.0,20.77392131
Clarendon,45542.0,19.88265542
Colleton,41419.0,18.30457015
Darlington,40704.0,20.33607241
Dillon,39780.0,31.16037434
Dorchester,68046.0,11.98075971
Edgefield,55183.0,16.38305958
Fairfield,41755.0,17.83500238
Florence,51902.0,17.63378393
Georgetown,55719.0,16.45145787
Greenville,65513.0,11.19825639
Greenwood,44513.0,17.14260057
Hampton,38298.0,20.50195388
Horry,54688.0,13.78827827
Jasper,47811.0,18.4691088
Kershaw,56449.0,14.74911224
Lancaster,67407.0,12.11845793
Laurens,46754.0,20.78310941
Lee,36195.0,22.77987258
Lexington,65623.0,11.89445468
McCormick,53193.0,15.41168191
Marion,34465.0,25.57223136
Marlboro,32136.0,27.99754048
Newberry,50950.0,15.65960225
Oconee,52842.0,15.43566744
Orangeburg,38052.0,24.84714881
Pickens,53188.0,17.17115812
Richland,56137.0,16.76000238
Saluda,46451.0,17.47132569
Spartanburg,57627.0,13.934182
Sumter,49040.0,18.07674033
Union,40048.0,20.86988848
Williamsburg,40124.0,22.42915252
York,72234.0,9.184400811
South Dakota,63920.0,12.45828816
Aurora,64960.0,7.159904535
Beadle,56692.0,12.20569349
Bennett,40664.0,34.90113841
Bon Homme,53575.0,11.48550725
Brookings,59178.0,12.05759043
Brown,63805.0,10.35329933
Brule,60857.0,14.86141144
Buffalo,38523.0,37.50638733
Butte,48941.0,9.339339339
Campbell,58026.0,5.317769131
Charles Mix,52981.0,23.57624682
Clark,54473.0,5.419250472
Clay,56077.0,20.05153809
Codington,61496.0,11.82329547
Corson,38281.0,43.54552371
Custer,68736.0,11.43415588
Davison,50900.0,14.28195686
Day,52775.0,15.20565792
Deuel,70808.0,5.475572339
Dewey,46087.0,35.1428031
Douglas,66750.0,8.941605839
Edmunds,69732.0,6.869050682
Fall River,51007.0,17.72170577
Faulk,53056.0,20.81749049
Grant,70483.0,7.75411812
Gregory,44654.0,12.98635675
Haakon,51016.0,16.47572286
Hamlin,71923.0,7.333445209
Hand,61121.0,9.069767442
Hanson,75132.0,7.885514019
Harding,64250.0,8.24742268
Hughes,77725.0,12.77691294
Hutchinson,62448.0,9.820193638
Hyde,66328.0,6.46359584
Jackson,25357.0,44.40446204
Jerauld,58375.0,8.286358512
Jones,52321.0,12.66375546
Kingsbury,62634.0,8.042789224
Lake,67297.0,11.35672838
Lawrence,56166.0,13.24527387
Lincoln,87560.0,4.704584692
Lyman,55977.0,22.15036378
McCook,72063.0,8.138903961
McPherson,54324.0,11.35310473
Marshall,69236.0,6.881268953
Meade,68242.0,7.391954383
Mellette,35726.0,49.97289973
Miner,56351.0,8.567603748
Minnehaha,66502.0,8.831866722
Moody,66000.0,9.682080925
Oglala Lakota,33192.0,50.50203725
Pennington,62546.0,12.57930617
Perkins,59432.0,10.78965283
Potter,59408.0,7.357594937
Roberts,53618.0,20.19719151
Sanborn,58409.0,9.753992231
Spink,63802.0,8.036282623
Stanley,76402.0,4.13980319
Sully,59688.0,8.169677926
Todd,26250.0,59.02470601
Tripp,52274.0,21.71162791
Turner,66199.0,9.958555358
Union,80238.0,7.576317085
Walworth,51746.0,14.69975374
Yankton,67052.0,8.831085421
Ziebach,38750.0,44.48038819
Tennessee,58516.0,14.28270684
Anderson,55414.0,15.43278968
Bedford,55354.0,13.56843263
Benton,40258.0,18.0708336
Bledsoe,51884.0,21.12779741
Blount,64593.0,9.490040988
Bradley,55426.0,14.21295453
Campbell,46110.0,18.99723771
Cannon,54223.0,17.19776726
Carroll,44794.0,17.37277331
Carter,44280.0,18.98465258
Cheatham,69132.0,10.21044042
Chester,52692.0,17.616385
Claiborne,41938.0,18.97427495
Clay,38709.0,24.04115996
Cocke,41558.0,20.27845379
Coffee,52626.0,16.04872788
Crockett,52136.0,16.53030193
Cumberland,52630.0,12.87136985
Davidson,66047.0,14.33162899
Decatur,43817.0,19.25162208
DeKalb,45728.0,18.37835062
Dickson,61388.0,10.83793652
Dyer,50245.0,17.37027265
Fayette,69729.0,11.83735234
Fentress,43464.0,20.54099275
Franklin,52189.0,14.58219144
Gibson,49615.0,14.51934421
Giles,54061.0,13.09182699
Grainger,44917.0,16.53736747
Greene,47361.0,15.7130645
Grundy,45150.0,17.1997586
Hamblen,45275.0,17.15140806
Hamilton,61050.0,12.70982942
Hancock,29650.0,29.12335144
Hardeman,41138.0,16.6405096
Hardin,45092.0,17.56318859
Hawkins,49101.0,17.6442196
Haywood,39952.0,20.70915569
Henderson,47885.0,16.71930082
Henry,43444.0,19.93756701
Hickman,48527.0,13.60003475
Houston,46535.0,13.93535404
Humphreys,49745.0,11.19204218
Jackson,41890.0,16.97566119
Jefferson,54371.0,12.50833317
Johnson,42552.0,22.01317623
Knox,62911.0,12.71756508
Lake,34923.0,27.75831874
Lauderdale,43025.0,18.60577134
Lawrence,45721.0,16.324222
Lewis,38664.0,20.58342866
Lincoln,57455.0,11.14531304
Loudon,66151.0,12.19136661
McMinn,51253.0,15.94537897
McNairy,42691.0,16.43008392
Macon,43605.0,17.97011766
Madison,51526.0,18.73849864
Marion,53148.0,16.59248269
Marshall,60036.0,15.11540655
Maury,66353.0,8.97633929
Meigs,54420.0,15.79922655
Monroe,48488.0,16.29423762
Montgomery,63768.0,12.09236369
Moore,64926.0,7.984969469
Morgan,45133.0,21.84144887
Obion,45606.0,17.47698218
Overton,39737.0,17.30333001
Perry,51786.0,22.16766908
Pickett,42931.0,21.49344097
Polk,49446.0,11.57704421
Putnam,49228.0,16.25019874
Rhea,48872.0,16.7819634
Roane,60044.0,13.70825343
Robertson,67597.0,12.0946845
Rutherford,72985.0,10.16729886
Scott,38409.0,23.23417454
Sequatchie,47835.0,20.09819756
Sevier,54363.0,13.82873863
Shelby,55015.0,18.5528344
Smith,52018.0,14.22747656
Stewart,51460.0,13.58945386
Sullivan,49661.0,15.61329437
Sumner,73517.0,9.820937577
Tipton,63783.0,11.33258828
Trousdale,58274.0,12.51612903
Unicoi,47610.0,15.38373491
Union,50868.0,16.32917292
Van Buren,44444.0,17.28995472
Warren,46189.0,19.09506535
Washington,52503.0,15.34346228
Wayne,45402.0,17.75792266
Weakley,43773.0,19.26506614
White,44777.0,15.86333358
Williamson,116492.0,3.902964513
Wilson,82224.0,8.369107744
Texas,67321.0,14.03071465
Anderson,49736.0,15.30891439
Andrews,80518.0,12.28050801
Angelina,52377.0,17.28726884
Aransas,51509.0,22.52407587
Archer,67083.0,11.49935725
Armstrong,71136.0,3.842159917
Atascosa,63391.0,12.51542209
Austin,68400.0,9.37384837
Bailey,64044.0,10.94718206
Bandera,64495.0,11.99335061
Bastrop,78339.0,10.8881934
Baylor,43705.0,15.31877214
Bee,48822.0,17.89303355
Bell,57932.0,14.26676136
Bexar,62169.0,15.13351295
Blanco,71201.0,10.62090035
Borden,68500.0,2.363636364
Bosque,59328.0,14.47265843
Bowie,54949.0,16.37025755
Brazoria,87958.0,7.359325582
Brazos,52658.0,23.61397831
Brewster,48679.0,14.12867766
Briscoe,38469.0,19.34713376
Brooks,26827.0,37.53272755
Brown,49232.0,13.20993079
Burleson,64109.0,13.02056482
Burnet,65363.0,7.16602089
Caldwell,63380.0,13.31646627
Calhoun,61887.0,9.720909408
Callahan,55820.0,8.287535722
Cameron,43057.0,26.32333203
Camp,50947.0,19.4527163
Carson,76786.0,8.838167153
Cass,49626.0,18.3592096
Castro,53551.0,11.41348497
Chambers,93707.0,15.01136212
Cherokee,54222.0,14.79271224
Childress,53092.0,13.11098332
Clay,69967.0,10.34550645
Cochran,38203.0,27.08910891
Coke,42639.0,14.02400505
Coleman,47216.0,17.70927383
Collin,104327.0,6.479933757
Collingsworth,42446.0,20.60962937
Colorado,55945.0,8.882235529
Comal,85912.0,6.716326544
Comanche,55743.0,13.42869982
Concho,46719.0,13.71036847
Cooke,63338.0,14.11898241
Coryell,58414.0,10.76437853
Cottle,43654.0,23.01282051
Crane,67804.0,5.436212188
Crockett,52731.0,7.328033184
Crosby,44304.0,23.35583414
Culberson,34239.0,28.14344076
Dallam,61069.0,14.97722096
Dallas,65011.0,14.24069182
Dawson,42778.0,22.54043768
Deaf Smith,49611.0,15.00952381
Delta,58705.0,15.85225087
Denton,96265.0,7.239350193
DeWitt,57873.0,16.10447346
Dickens,42241.0,14.9122807
Dimmit,25000.0,46.49032406
Donley,52888.0,13.06532663
Duval,43836.0,23.58740592
Eastland,43953.0,18.73705391
Ector,64975.0,14.10851548
Edwards,40000.0,13.10140637
Ellis,85272.0,8.162596208
El Paso,50919.0,19.27351362
Erath,56691.0,16.94032442
Falls,35317.0,22.86705051
Fannin,59686.0,12.80379007
Fayette,66624.0,9.838857048
Fisher,55862.0,11.01141925
Floyd,54007.0,13.32597092
Foard,37679.0,12.34449761
Fort Bend,102590.0,7.150882675
Franklin,61391.0,8.695652174
Freestone,55910.0,13.26807146
Frio,58456.0,24.98453077
Gaines,67728.0,13.95227478
Galveston,79328.0,10.79288178
Garza,64871.0,13.76574895
Gillespie,64438.0,11.19473545
Glasscock,85417.0,12.44881245
Goliad,52335.0,10.76989002
Gonzales,55698.0,13.86347281
Gray,50635.0,16.25818237
Grayson,62078.0,11.96855776
Gregg,56566.0,17.25725992
Grimes,59086.0,16.66002868
Guadalupe,80047.0,9.153152938
Hale,48649.0,17.02942035
Hall,41467.0,17.33757062
Hamilton,44030.0,21.01791936
Hansford,47500.0,9.3323217
Hardeman,56400.0,11.46073903
Hardin,65347.0,11.63675029
Harris,65788.0,15.62317623
Harrison,57996.0,17.02430545
Hartley,61196.0,5.615763547
Haskell,48432.0,12.38523149
Hays,71061.0,13.58171123
Hemphill,54867.0,6.235362998
Henderson,51963.0,17.00125861
Hidalgo,44666.0,28.14332643
Hill,57800.0,12.3382425
Hockley,49241.0,15.81915504
Hood,75851.0,8.629076746
Hopkins,57745.0,12.51558906
Houston,43644.0,18.99523286
Howard,60260.0,15.98875229
Hudspeth,32404.0,27.82241015
Hunt,61053.0,13.58793385
Hutchinson,57288.0,12.60760228
Irion,39770.0,14.98392283
Jack,56916.0,15.47058032
Jackson,60807.0,12.54260395
Jasper,44356.0,24.20415599
Jeff Davis,38659.0,22.03045685
Jefferson,53613.0,18.1593507
Jim Hogg,37342.0,30.01261034
Jim Wells,47629.0,21.21774547
Johnson,70767.0,10.40834277
Jones,55575.0,12.44592851
Karnes,49526.0,18.24658963
Kaufman,75187.0,10.01812026
Kendall,100706.0,4.816969026
Kenedy,42778.0,1.775147929
Kent,63994.0,13.03602058
Kerr,62204.0,11.59320568
Kimble,55677.0,13.8653484
King,42125.0,29.25764192
Kinney,58925.0,18.15436242
Kleberg,49986.0,28.59539789
Knox,50163.0,9.762050031
Lamar,51561.0,16.85823755
Lamb,50041.0,18.2710136
Lampasas,66506.0,9.178971128
La Salle,61042.0,22.87322079
Lavaca,57602.0,9.417446423
Lee,60750.0,11.76366947
Leon,48676.0,18.29052259
Liberty,53871.0,14.95678588
Limestone,49507.0,19.12845317
Lipscomb,66250.0,11.36883371
Live Oak,52870.0,18.99508575
Llano,62839.0,9.147905386
Lubbock,56529.0,17.69362308
Lynn,49747.0,15.87733624
McCulloch,46552.0,15.87174349
McLennan,53723.0,17.80757867
McMullen,63056.0,12.2085048
Madison,59923.0,12.59891527
Marion,43153.0,18.29381924
Martin,69194.0,13.30754352
Mason,73186.0,4.873096447
Matagorda,48566.0,20.03116392
Maverick,44502.0,25.0425628
Medina,67180.0,11.93921402
Menard,40341.0,18.90087314
Midland,88210.0,11.08803333
Milam,52810.0,16.15859896
Mills,53483.0,8.474965549
Mitchell,50144.0,9.910664433
Montague,59127.0,12.42512671
Montgomery,88597.0,8.841045419
Moore,55543.0,11.72665917
Morris,46468.0,14.55814745
Motley,59286.0,7.249802995
Nacogdoches,47306.0,23.14139819
Navarro,50466.0,14.08547613
Newton,38116.0,23.95049745
Nolan,44700.0,16.22516556
Nueces,59477.0,17.18398769
Ochiltree,57413.0,12.0240481
Oldham,68077.0,12.15991116
Orange,68756.0,11.99947673
Palo Pinto,59796.0,13.90051139
Panola,54853.0,13.55587677
Parker,88535.0,7.785584689
Parmer,62885.0,10.89868112
Pecos,55652.0,21.89266631
Polk,52826.0,15.89181891
Potter,45096.0,20.45004902
Presidio,26395.0,33.89213981
Rains,55758.0,11.61717833
Randall,70544.0,9.748911657
Reagan,62829.0,8.17855003
Real,44083.0,26.09838528
Red River,40674.0,21.40189351
Reeves,53548.0,17.44573672
Refugio,50745.0,15.54590385
Roberts,62717.0,11.83098592
Robertson,55709.0,15.77683022
Rockwall,111595.0,3.922976064
Runnels,52103.0,13.14089204
Rusk,60330.0,11.71054824
Sabine,41308.0,19.47880754
San Augustine,43130.0,25.07104107
San Jacinto,46678.0,16.99742742
San Patricio,59532.0,15.66957884
San Saba,46927.0,10.99609375
Schleicher,61094.0,11.70003926
Scurry,53376.0,13.20792475
Shackelford,54896.0,10.63283007
Shelby,44504.0,23.63696809
Sherman,55667.0,11.63291685
Smith,62518.0,13.63439108
Somervell,89253.0,10.81352528
Starr,33334.0,32.60709124
Stephens,46537.0,14.95476927
Sterling,55481.0,4.481998531
Stonewall,62273.0,7.186081694
Sutton,61538.0,12.15420836
Swisher,39685.0,24.91047797
Tarrant,73545.0,11.27270245
Taylor,57811.0,14.02297495
Terrell,47012.0,5.107252298
Terry,47734.0,22.27101631
Throckmorton,47500.0,18.02244039
Titus,53818.0,16.94379995
Tom Green,62052.0,11.8102708
Travis,85043.0,11.2275572
Trinity,45392.0,16.75055514
Tyler,49130.0,19.05431238
Upshur,55046.0,15.46025676
Upton,58333.0,16.8597561
Uvalde,51602.0,19.24055829
Val Verde,51949.0,17.11591767
Van Zandt,61121.0,12.1108462
Victoria,60598.0,16.19016774
Walker,44104.0,20.61439767
Waller,65379.0,12.41654249
Ward,66216.0,13.74235305
Washington,65913.0,9.772510719
Webb,54618.0,22.90812444
Wharton,53963.0,14.5186487
Wheeler,52138.0,17.41204532
Wichita,53272.0,16.55083545
Wilbarger,45262.0,18.13991104
Willacy,39401.0,25.97334727
Williamson,94705.0,6.297958864
Wilson,84042.0,9.804806036
Winkler,67904.0,12.15337668
Wise,75482.0,9.988303743
Wood,58418.0,13.60208547
Yoakum,73102.0,11.28843908
Young,52074.0,14.18024874
Zapata,34406.0,35.157378
Zavala,44573.0,29.73193354
Utah,79133.0,8.750014139
Beaver,74569.0,5.683156655
Box Elder,67486.0,7.04681363
Cache,65670.0,13.88020469
Carbon,51725.0,16.26036693
Daggett,49792.0,6.019417476
Davis,92765.0,5.503924955
Duchesne,66463.0,13.22699259
Emery,61234.0,12.54748948
Garfield,45724.0,15.62628337
Grand,51433.0,14.83843982
Iron,56308.0,15.33993232
Juab,74741.0,11.26931759
Kane,56395.0,12.49155063
Millard,66304.0,12.59935469
Morgan,112721.0,1.801875926
Piute,33611.0,19.86531987
Rich,67396.0,7.074340528
Salt Lake,82206.0,8.3911332
San Juan,52400.0,21.22908938
Sanpete,60186.0,13.22769816
Sevier,60262.0,12.19131422
Summit,116351.0,5.262155341
Tooele,87557.0,4.751711722
Uintah,61293.0,12.42728413
Utah,82893.0,9.290582947
Wasatch,94044.0,5.064299198
Washington,65040.0,9.194104124
Wayne,55605.0,9.761036857
Weber,74345.0,8.362581309
Vermont,67674.0,10.52696398
Addison,77978.0,6.997161336
Bennington,63448.0,11.26525155
Caledonia,55159.0,12.61065699
Chittenden,81957.0,11.2792001
Essex,48194.0,14.70982892
Franklin,68476.0,9.397756547
Grand Isle,85154.0,6.538301704
Lamoille,66016.0,10.48192294
Orange,67906.0,9.471334914
Orleans,58037.0,10.35775128
Rutland,59751.0,10.45727136
Washington,70128.0,9.993010659
Windham,59195.0,13.41811752
Windsor,63787.0,9.054396843
Virginia,80615.0,9.939513508
Accomack,50601.0,16.90851926
Albemarle,90568.0,6.883413276
Alleghany,49705.0,13.96354444
Amelia,57420.0,11.11534069
Amherst,60876.0,11.28178312
Appomattox,55268.0,13.30326945
Arlington,128145.0,6.464043489
Augusta,69082.0,8.366129585
Bath,55807.0,19.17644242
Bedford,70870.0,8.762899732
Bland,54556.0,11.82917611
Botetourt,72941.0,6.722106722
Brunswick,49597.0,17.77350964
Buchanan,37093.0,25.23927685
Buckingham,49841.0,14.7846019
Campbell,53918.0,9.448933537
Caroline,76528.0,10.83483817
Carroll,45220.0,15.18856196
Charles City,59543.0,12.33823529
Charlotte,45567.0,19.13770348
Chesterfield,88315.0,6.911319979
Clarke,86633.0,5.815954298
Craig,60283.0,14.21999164
Culpeper,85274.0,7.213485823
Cumberland,57568.0,7.12586617
Dickenson,33905.0,21.1754475
Dinwiddie,68918.0,10.5170323
Essex,54375.0,16.0956629
Fairfax,133974.0,6.131863958
Fauquier,111368.0,5.875903798
Floyd,51612.0,9.273280269
Fluvanna,82983.0,4.56715717
Franklin,59667.0,13.30974517
Frederick,84317.0,6.741027581
Giles,57911.0,10.2581112
Gloucester,77733.0,7.451600158
Goochland,100517.0,4.193576165
Grayson,43022.0,17.55509642
Greene,73844.0,10.07901235
Greensville,53063.0,11.37852973
Halifax,45962.0,15.10572214
Hanover,96911.0,5.468800924
Henrico,76345.0,8.148451855
Henry,41103.0,14.88565571
Highland,52901.0,12.62443439
Isle of Wight,84673.0,8.82129078
James City,94907.0,6.908480837
King and Queen,61672.0,14.26646707
King George,101599.0,6.499143347
King William,74592.0,7.748504372
Lancaster,64460.0,10.89201005
Lee,37574.0,26.17375937
Loudoun,156821.0,3.323784465
Louisa,70974.0,10.79781775
Lunenburg,47269.0,14.01826897
Madison,72349.0,8.658455638
Mathews,73229.0,8.044890727
Mecklenburg,46378.0,17.92343782
Middlesex,63782.0,9.763198758
Montgomery,60666.0,24.77110261
Nelson,67707.0,12.50169492
New Kent,101628.0,4.637972831
Northampton,50347.0,16.48838375
Northumberland,61291.0,15.54530201
Nottoway,54614.0,16.53995123
Orange,79211.0,11.32764921
Page,53168.0,12.3343527
Patrick,47215.0,10.78527963
Pittsylvania,49486.0,15.16995596
Powhatan,101395.0,4.480673721
Prince Edward,49019.0,23.57330724
Prince George,78895.0,9.249759538
Prince William,113831.0,5.799242304
Pulaski,55446.0,12.83976343
Rappahannock,90307.0,6.105520805
Richmond,57697.0,10.30344828
Roanoke,74622.0,6.923641938
Rockbridge,57828.0,10.29996871
Rockingham,67484.0,7.601005744
Russell,41100.0,18.49988299
Scott,42561.0,15.36903039
Shenandoah,58609.0,11.39101108
Smyth,42588.0,18.92574393
Southampton,65079.0,6.797054207
Spotsylvania,98973.0,7.111463048
Stafford,119818.0,5.112973445
Surry,61105.0,14.7826087
Sussex,56968.0,10.52016985
Tazewell,42937.0,17.59707185
Warren,72840.0,10.89890759
Washington,54737.0,12.71325836
Westmoreland,53113.0,16.34015783
Wise,44884.0,19.72652744
Wythe,52726.0,15.24396764
York,96144.0,4.851302487
Alexandria,105450.0,9.577191448
Bristol,43879.0,17.71592402
Buena Vista,42156.0,21.43207455
Charlottesville,63470.0,23.09160739
Chesapeake,85563.0,7.952922922
Colonial Heights,65570.0,8.987695749
Covington,41242.0,15.83452211
Danville,38904.0,23.0963788
Emporia,36111.0,21.48095153
Fairfax,118492.0,10.06520143
Falls Church,155071.0,2.480138169
Franklin,49424.0,19.7879423
Fredericksburg,72293.0,14.28850665
Galax,39808.0,21.94591234
Hampton,59380.0,14.36365425
Harrisonburg,51055.0,25.80587791
Hopewell,44209.0,23.9856279
Lexington,66114.0,22.80417149
Lynchburg,54015.0,17.60298538
Manassas,101934.0,5.617183636
Manassas Park,90544.0,4.402218813
Martinsville,36832.0,25.36753446
Newport News,57463.0,15.77232092
Norfolk,56244.0,17.40022204
Norton,35592.0,28.2811642
Petersburg,44890.0,21.3314223
Poquoson,112026.0,4.419396692
Portsmouth,54020.0,17.1655748
Radford,44360.0,35.3898051
Richmond,54795.0,19.7849691
Roanoke,48476.0,18.39843392
Salem,66472.0,9.954453885
Staunton,53041.0,12.27990033
Suffolk,81883.0,9.596052305
Virginia Beach,81810.0,7.816507449
Waynesboro,47238.0,16.55308055
Williamsburg,65297.0,15.45803312
Winchester,61321.0,13.26853693
Washington,82400.0,9.987007199
Adams,54573.0,20.84512637
Asotin,57263.0,13.00344702
Benton,76612.0,10.5542578
Chelan,64895.0,10.70053194
Clallam,60044.0,12.26011668
Clark,82719.0,9.091352783
Columbia,64688.0,9.287531807
Cowlitz,64506.0,12.75323136
Douglas,68979.0,9.66692596
Ferry,45907.0,14.97754071
Franklin,72452.0,15.07505624
Garfield,50625.0,9.232134931
Grant,63566.0,13.02501083
Grays Harbor,53615.0,15.13492979
Island,75628.0,7.637191267
Jefferson,59968.0,14.16650982
King,106326.0,8.425793645
Kitsap,84600.0,7.968208836
Kittitas,64134.0,14.79647039
Klickitat,59583.0,14.7154653
Lewis,60581.0,13.17362275
Lincoln,62810.0,11.87107655
Mason,66325.0,12.79760505
Okanogan,51992.0,20.147539
Pacific,54598.0,13.71367824
Pend Oreille,59134.0,11.15244458
Pierce,82574.0,8.783784541
San Juan,68577.0,10.89614788
Skagit,75308.0,11.05198235
Skamania,75565.0,9.515789474
Snohomish,95618.0,7.317832907
Spokane,64079.0,12.47952732
Stevens,57206.0,12.89161123
Thurston,81501.0,9.726543311
Wahkiakum,54422.0,10.59556787
Walla Walla,63686.0,11.07323299
Whatcom,70011.0,13.42661302
Whitman,43613.0,24.68239124
Yakima,58380.0,15.76433248
West Virginia,50884.0,16.88313691
Barbour,42260.0,20.79823506
Berkeley,68101.0,10.71701729
Boone,50598.0,17.79025355
Braxton,42519.0,18.3371114
Brooke,51210.0,11.82721183
Cabell,43779.0,21.22559294
Calhoun,37428.0,28.39389649
Clay,37197.0,26.31121054
Doddridge,58750.0,15.19932385
Fayette,45988.0,21.0224546
Gilmer,45870.0,11.82724252
Grant,47224.0,12.10987406
Greenbrier,41694.0,18.85313658
Hampshire,50890.0,17.85095321
Hancock,52062.0,14.14513717
Hardy,46592.0,18.25822856
Harrison,54124.0,15.17477344
Jackson,53165.0,18.0943804
Jefferson,86711.0,9.71109406
Kanawha,50574.0,16.443442
Lewis,45345.0,17.17414851
Lincoln,46683.0,20.62506114
Logan,38493.0,25.69368921
McDowell,30127.0,28.92727779
Marion,55094.0,14.58443092
Marshall,52371.0,14.49160123
Mason,49957.0,16.53347255
Mercer,43293.0,18.87331656
Mineral,57345.0,12.06863607
Mingo,35349.0,28.24318057
Monongalia,56466.0,19.28461431
Monroe,47417.0,14.44775159
Morgan,56616.0,7.971995058
Nicholas,42946.0,18.60332927
Ohio,51516.0,13.27843157
Pendleton,46506.0,16.09661209
Pleasants,58433.0,7.448763251
Pocahontas,37225.0,17.48251748
Preston,55755.0,14.43364665
Putnam,68740.0,10.46685292
Raleigh,43150.0,22.51789777
Randolph,47343.0,15.19045965
Ritchie,45184.0,18.16891412
Roane,38608.0,21.30282945
Summers,41077.0,22.55850783
Taylor,52823.0,16.22083791
Tucker,49808.0,9.857662023
Tyler,50601.0,12.04658498
Upshur,44470.0,20.0228481
Wayne,45591.0,17.33033639
Webster,37720.0,21.46452541
Wetzel,47611.0,18.7574254
Wirt,49441.0,20.87221482
Wood,50231.0,14.81818945
Wyoming,44630.0,25.34333255
Wisconsin,67080.0,10.66244987
Adams,51878.0,13.45665579
Ashland,55070.0,15.98025205
Barron,55256.0,11.95200839
Bayfield,62859.0,11.1789898
Brown,68799.0,9.727701337
Buffalo,61167.0,8.315661921
Burnett,55890.0,12.00717955
Calumet,78453.0,6.062649303
Chippewa,63172.0,9.63423532
Clark,57547.0,11.90525232
Columbia,73786.0,6.757899186
Crawford,54526.0,12.53975466
Dane,78452.0,10.77651271
Dodge,66403.0,7.460828302
Door,63856.0,8.632016066
Douglas,59688.0,11.01860921
Dunn,64420.0,11.46479958
Eau Claire,64777.0,12.78560915
Florence,52143.0,10.09133437
Fond du Lac,66390.0,8.476600998
Forest,51959.0,14.0875014
Grant,58289.0,13.62079222
Green,70267.0,7.291466791
Green Lake,60597.0,12.64306343
Iowa,73716.0,8.067606114
Iron,48908.0,13.19771352
Jackson,59422.0,12.95124298
Jefferson,71735.0,7.349347539
Juneau,58561.0,14.65654317
Kenosha,70073.0,11.29653948
Kewaunee,72328.0,6.990911324
La Crosse,62817.0,12.17677358
Lafayette,65009.0,10.27720615
Langlade,53313.0,13.26881049
Lincoln,61363.0,9.715870215
Manitowoc,61454.0,9.494168278
Marathon,67940.0,7.863039953
Marinette,55694.0,10.13736869
Marquette,55386.0,10.54275674
Menominee,54940.0,26.2004662
Milwaukee,54793.0,17.91570018
Monroe,63061.0,10.34765461
Oconto,68426.0,8.533773516
Oneida,62660.0,8.040009785
Outagamie,72695.0,6.873865455
Ozaukee,86915.0,3.975290861
Pepin,63015.0,8.926600442
Pierce,78341.0,9.234621611
Polk,67878.0,8.622562107
Portage,65550.0,10.56939608
Price,52052.0,13.15694092
Racine,67224.0,11.6661884
Richland,56089.0,14.25630771
Rock,65518.0,10.3061912
Rusk,51978.0,12.29720029
St. Croix,91320.0,5.444911782
Sauk,67702.0,8.712274267
Sawyer,53011.0,14.45700189
Shawano,59767.0,10.15071364
Sheboygan,65352.0,7.448257794
Taylor,56350.0,8.23547354
Trempealeau,64336.0,7.330244342
Vernon,57933.0,14.93093331
Vilas,56837.0,10.10971439
Walworth,69382.0,9.269298534
Washburn,54550.0,12.79339853
Washington,85574.0,4.74995016
Waukesha,94310.0,4.933293359
Waupaca,65070.0,9.273616412
Waushara,57224.0,10.81069464
Winnebago,63938.0,10.84304209
Wood,57996.0,10.18504609
Wyoming,68002.0,10.73552226
Albany,50733.0,23.60637902
Big Horn,56059.0,10.22051103
Campbell,87547.0,11.02605367
Carbon,62654.0,15.05514052
Converse,73698.0,7.877849082
Crook,67835.0,7.59350741
Fremont,57887.0,13.51933
Goshen,58318.0,8.053976067
Hot Springs,60805.0,12.88410887
Johnson,58020.0,16.51135006
Laramie,71550.0,9.017892725
Lincoln,74835.0,6.713908861
Natrona,64100.0,9.877703399
Niobrara,48688.0,20.23172906
Park,62586.0,8.600343053
Platte,59402.0,10.92436975
Sheridan,62531.0,8.852622814
Sublette,82342.0,8.302058456
Sweetwater,76668.0,10.48139052
Teton,94498.0,7.117039587
Uinta,75106.0,7.958750678
Washakie,62271.0,6.571842487
Weston,65566.0,14.08559113
Puerto Rico,21967.0,42.67362889
Adjuntas,15375.0,67.07371226
Aguada,18733.0,45.06331101
Aguadilla,16940.0,49.65533678
Aguas Buenas,21844.0,42.74553115
Aibonito,21139.0,43.72072182
Aasco,21189.0,44.72999728
Arecibo,19311.0,47.03996703
Arroyo,14933.0,60.83998268
Barceloneta,19051.0,44.94962768
Barranquitas,20290.0,51.8424529
Bayamn,27812.0,33.71190173
Cabo Rojo,18581.0,47.54560285
Caguas,27062.0,37.52764749
Camuy,19745.0,44.36359189
Canvanas,23517.0,38.391392
Carolina,30678.0,29.79799283
Catao,20089.0,46.08251808
Cayey,23823.0,40.14773645
Ceiba,20748.0,41.28585212
Ciales,18990.0,55.24570752
Cidra,23327.0,39.93302009
Coamo,19267.0,49.57780115
Comero,14666.0,53.78093734
Corozal,19285.0,47.79702395
Culebra,25104.0,23.02325581
Dorado,29744.0,30.85709521
Fajardo,21701.0,42.70813932
Florida,21487.0,49.11621552
Gunica,12856.0,66.80586029
Guayama,17815.0,50.59595439
Guayanilla,19023.0,53.24610245
Guaynabo,39176.0,25.05659704
Gurabo,35470.0,30.52949633
Hatillo,20955.0,42.57952813
Hormigueros,20811.0,42.83981357
Humacao,22431.0,39.20081326
Isabela,17123.0,50.51548807
Jayuya,16780.0,56.92722372
Juana Daz,21420.0,45.07813515
Juncos,22283.0,39.96131216
Lajas,15593.0,59.77060686
Lares,17629.0,56.09239169
Las Maras,15353.0,49.40935938
Las Piedras,24466.0,37.1892197
Loza,19541.0,47.17394902
Luquillo,22216.0,43.95168055
Manat,19427.0,46.66784738
Maricao,19223.0,52.42159955
Maunabo,21678.0,46.09630669
Mayagez,15501.0,53.55737705
Moca,17685.0,49.92651185
Morovis,21598.0,46.81995243
Naguabo,18412.0,50.40257649
Naranjito,19156.0,45.40804065
Orocovis,15637.0,55.83692192
Patillas,17783.0,49.85521533
Peuelas,18123.0,53.76584276
Ponce,17747.0,50.61998488
Quebradillas,18947.0,45.42577433
Rincn,24744.0,40.87528224
Ro Grande,23679.0,37.62719065
Sabana Grande,18857.0,44.7655494
Salinas,18563.0,50.50191571
San Germn,16492.0,49.95232041
San Juan,24347.0,39.71460374
San Lorenzo,19339.0,45.47140813
San Sebastin,16812.0,50.64766179
Santa Isabel,20784.0,46.30784218
Toa Alta,28098.0,32.38600967
Toa Baja,26587.0,35.63998787
Trujillo Alto,33948.0,28.24718503
Utuado,15812.0,54.6018723
Vega Alta,21828.0,44.9620955
Vega Baja,21507.0,43.36123299
Vieques,14942.0,53.20428039
Villalba,20722.0,44.49497906
Yabucoa,17267.0,52.62225372
Yauco,16444.0,46.43921637
